audio_path,duration,text,language,source,root,file_exists,reference,hypothesis
/mnt/multilingual_data/audio/Intron-Multimodal-Benchmarking/data/audio/intron/pedi/11496f99548528eaf58a44815413cc4d_GaRzastS.wav,12.954999923706056,"Bakeng sa tlhahlobo ya bona go na le diteko tše ntši tšeo le tšona di swanetšego go di dira. Eupša kudu-kudu go kaone go bona setsebi pele, ngaka ya ramatiki go bona tlhahlobo le bakeng sa kalafo go.",pedi,intron-MT,/home/azureuser/gabby_data_mls/Intron-Multimodal-Benchmarking/data/,True,"Bakeng sa tlhahlobo ya bona go na le diteko tše ntši tšeo le tšona di swanetšego go di dira. Eupša kudu-kudu go kaone go bona setsebi pele, ngaka ya ramatiki go bona tlhahlobo le bakeng sa kalafo go.",bakeng sa tlhahluwo ya bona go na le ditiko tsenchiche o le jwana diswana tshego go di dira opya kudu kudu ka one go bona setsebe pele ngaka ya ra matiki go bona tlhahluwo le bakeng sa kalafogo
/mnt/multilingual_data/audio/Intron-Multimodal-Benchmarking/data/audio/intron/pedi/0882c38d72869a200e032aadc2fbf38c_8YR3cAHP.wav,1.1710000038146973,"Ya, ke nnete.",pedi,intron-MT,/home/azureuser/gabby_data_mls/Intron-Multimodal-Benchmarking/data/,True,"Ya, ke nnete.",Ya ke meet.
/mnt/multilingual_data/audio/Intron-Multimodal-Benchmarking/data/audio/intron/pedi/84f4f56d8658b7ea268b5461688f2588_03yyTpSZ.wav,13.44200038909912,Ke be ke phafogile bošego ka moka gomme ke e-na le maikwelo a go fiša ka mpeng le kgase e ntši. go kwagala eke ga se ka hwetša tekanyetšo ya maleba.,pedi,intron-MT,/home/azureuser/gabby_data_mls/Intron-Multimodal-Benchmarking/data/,True,Ke be ke phafogile bošego ka moka gomme ke e-na le maikwelo a go fiša ka mpeng le kgase e ntši. go kwagala eke ga se ka hwetša tekanyetšo ya maleba.,Ke kile ke pfofile go tshoga ka moka go mmekile na le maikgelo a go fisha ka nteng le gare enchi. Go kgona e ke a se ka kgotsa thekanyo ya malimo.
/mnt/multilingual_data/audio/Intron-Multimodal-Benchmarking/data/audio/intron/pedi/ac87f20332a244a999911a3476b4ce59_GvpvTY8I.wav,27.089000701904297,"Le ge go le bjalo, ka gare ga lerameng la gagwe go na le kgwele ya mohuta wo thata yeo e ka bago bogolo bja kotara go dikologa mohlomongwe, gomme e sa le bohloko kudu. O be a dutše a diriša penicillin ga e sa le a buiwa.",pedi,intron-MT,/home/azureuser/gabby_data_mls/Intron-Multimodal-Benchmarking/data/,True,"Le ge go le bjalo, ka gare ga lerameng la gagwe go na le kgwele ya mohuta wo thata yeo e ka bago bogolo bja kotara go dikologa mohlomongwe, gomme e sa le bohloko kudu. O be a dutše a diriša penicillin ga e sa le a buiwa.",Le rego le bialo ka gare ga lerameng lawe go nale kwele ya mokuta o thata yeo e ka ba go ngolo vya kotara go tikologa mtlhomongwe o me e sa le botlhokopong u be a duche a dirisha penisilini kae sa le abui
/mnt/multilingual_data/audio/Intron-Multimodal-Benchmarking/data/audio/intron/pedi/1463830c4f1b0572d97cf66db079e748_2PD0G3Ce.wav,18.131000518798828,"Gape, ebile di iri Txe mmalwa le meno aka bjalo a nhlopha ebile a nkgwatha mailutlo. A' ye ke ye nngwe ya khuetxo ya go hlwekixa, ge Eba go bjalo gotla txea sebaka se Seka Kang Kang  sa appx gore e felele",pedi,intron-MT,/home/azureuser/gabby_data_mls/Intron-Multimodal-Benchmarking/data/,True,"Gape, ebile di iri Txe mmalwa le meno aka bjalo a nhlopha ebile a nkgwatha mailutlo. A' ye ke ye nngwe ya khuetxo ya go hlwekixa, ge Eba go bjalo gotla txea sebaka se Seka Kang Kang  sa appx gore e felele",Gabe ibe iri jemma lo lemeno ka bjalo a ntlopa ebile a ngqhatha maigolo a yege nwo ya koetjo ya go hlokisha ge ba go bjalo gotlatsi ya sebaka sese ka kang sa a popox gore e fele le
/mnt/multilingual_data/audio/Intron-Multimodal-Benchmarking/data/audio/intron/pedi/52c3135bfd3c1f54bd2450e843d32aa5_FAkR8trt.wav,14.338000297546388,Kgaetšedi ya ka o ile a ba le seterouku mengwageng ye 2 ya go feta gomme a lahlegelwa ke polelo ya gagwe.  Ka Labohlano o be a le sepetlele bakeng sa go dira op yago tsošološa lengwele,pedi,intron-MT,/home/azureuser/gabby_data_mls/Intron-Multimodal-Benchmarking/data/,True,Kgaetšedi ya ka o ile a ba le seterouku mengwageng ye 2 ya go feta gomme a lahlegelwa ke polelo ya gagwe.  Ka Labohlano o be a le sepetlele bakeng sa go dira op yago tsošološa lengwele,Khaitse diya ka wile abaletse roko mengwangenye mebedi ya go feta o miile ala tsegelwa ke polelo ya gagwe ka la botlhano o be a le sepatlela bakeng sa go dira op ya go thusolotsa lengwe
/mnt/multilingual_data/audio/Intron-Multimodal-Benchmarking/data/audio/intron/pedi/18babe37e21e64aa6a819991832bfd4a_SpOtDh7R.wav,9.684000015258787,"Aowa, aowa, go tloga bjale go ya pele. Ge nkabe ke dirile bjalo, nkabe ke tšwile,",pedi,intron-MT,/home/azureuser/gabby_data_mls/Intron-Multimodal-Benchmarking/data/,True,"Aowa, aowa, go tloga bjale go ya pele. Ge nkabe ke dirile bjalo, nkabe ke tšwile,",Awa awa uturabale riapeli enkave ki dirilevale kaveki chwih
/mnt/multilingual_data/audio/Intron-Multimodal-Benchmarking/data/audio/intron/pedi/e441051a6db8fc4c65969127dba77b56_mBN1wPy5.wav,5.97599983215332,"Golokile, ke eng seo sedirago gore bohloko Bo fetelele?",pedi,intron-MT,/home/azureuser/gabby_data_mls/Intron-Multimodal-Benchmarking/data/,True,"Golokile, ke eng seo sedirago gore bohloko Bo fetelele?",ōlo kele ki eng se ositele aro oru puku ufitelele
/mnt/multilingual_data/audio/Intron-Multimodal-Benchmarking/data/audio/intron/pedi/c4180b8352c1c63796a54400b9a0daad_je1aBCD0.wav,3.1080000400543213,"Ee,ke morekisi.",pedi,intron-MT,/home/azureuser/gabby_data_mls/Intron-Multimodal-Benchmarking/data/,True,"Ee,ke morekisi.",Eh ya ki more ki is
/mnt/multilingual_data/audio/Intron-Multimodal-Benchmarking/data/audio/intron/pedi/e40b9c2de52a6e14efb1647f36f51222_wsQcJK4L.wav,7.478000164031982,E thomile maabane diiri tše e ka bago tše 18.,pedi,intron-MT,/home/azureuser/gabby_data_mls/Intron-Multimodal-Benchmarking/data/,True,E thomile maabane diiri tše e ka bago tše 18.,Ethomilema wa nedi iri te ikawago tse le sumisso
/mnt/multilingual_data/audio/Intron-Multimodal-Benchmarking/data/audio/intron/pedi/28f23ddaa3e67ee640f7e25fface5220_lXaLJcef.wav,11.04699993133545,"ULabake wakhumbula izikhathi ezimbili kuphela lapho elwa no-Alamu mayelana nabathandi bemfihlo, kodwa lokho kwakuse-London.",pedi,intron-MT,/home/azureuser/gabby_data_mls/Intron-Multimodal-Benchmarking/data/,True,"ULabake wakhumbula izikhathi ezimbili kuphela lapho elwa no-Alamu mayelana nabathandi bemfihlo, kodwa lokho kwakuse-London.",Ke hopolame le tlo e mebedi ge a be a elwale alamu ka sipirisa lerato impa e be e lika lant
/mnt/multilingual_data/audio/Intron-Multimodal-Benchmarking/data/audio/intron/pedi/cd77e0a0d47d7e57cfe9be8c9ce87a13_tGYSpHge.wav,23.357999801635746,"Ka ntle le diatla tša gago?  Na o ikwa o tshwenyegile kudu morago bjale goba go feta moo, o a tseba, na o lemogile go tshwenyega le ge e le gofe morago bjale?",pedi,intron-MT,/home/azureuser/gabby_data_mls/Intron-Multimodal-Benchmarking/data/,True,"Ka ntle le diatla tša gago?  Na o ikwa o tshwenyegile kudu morago bjale goba go feta moo, o a tseba, na o lemogile go tshwenyega le ge e le gofe morago bjale?",Ka ntle le le dia tla ja gago na o ikwa o tshwenye ka le gudumo tharhu vya lego ba ofitamu bo atsiwa na ole mo gilego tshwenega le re ile go fwe mora go vya
/mnt/multilingual_data/audio/Intron-Multimodal-Benchmarking/data/audio/intron/pedi/ad65b428fa4008c9c98ced14e455449b_LZBVVYas.wav,13.336000442504885,Ke proteine ​​yeo e tšweletšwago ke sebete le mokotla wa yolk wa lesea leo le golago nakong ya boimana.  Boemo bjo bja proteine ​​bo a fokotšega ka morago ga pelego.,pedi,intron-MT,/home/azureuser/gabby_data_mls/Intron-Multimodal-Benchmarking/data/,True,Ke proteine ​​yeo e tšweletšwago ke sebete le mokotla wa yolk wa lesea leo le golago nakong ya boimana.  Boemo bjo bja proteine ​​bo a fokotšega ka morago ga pelego.,Ke prothein yeo etlọtšwa go sebetše le mokotla wa yolk wa lesi ya le lolagona kong yaويمana. Boemo byo bya protein bya fukutšega ka morago ga peleng.
/mnt/multilingual_data/audio/Intron-Multimodal-Benchmarking/data/audio/intron/pedi/f4286174202817e187c3ff39dda56aba_ouqwmNqw.wav,12.482999801635742,Kamorago ga kgwedi e tee le seripa  sa kgwedi tsa opareixene sekurufu seile satxwa lerapong gape latloxwa sepetleleng se tee cmc vellore,pedi,intron-MT,/home/azureuser/gabby_data_mls/Intron-Multimodal-Benchmarking/data/,True,Kamorago ga kgwedi e tee le seripa  sa kgwedi tsa opareixene sekurufu seile satxwa lerapong gape latloxwa sepetleleng se tee cmc vellore,Ka mora go gwa diet le se repa sa gwa ditja opereshoni sekurufu se ile sa achwa le rapong gape la Tshwa se betleng se Tii CMC Velore.
/mnt/multilingual_data/audio/Intron-Multimodal-Benchmarking/data/audio/intron/pedi/a99c9302acd0c8f625809ff38b26ff2c_KsJmavCx.wav,15.836999893188477,"Be o sena dikgopolo tše mpe gomme ke ile ka thoma ka bophelo bjo  bo tlwaelegilego. Ke be ke thabile ka go fola. Bjale, ke emišitše ka dihlare. E setše e le kgwedi e tee go feta. ",pedi,intron-MT,/home/azureuser/gabby_data_mls/Intron-Multimodal-Benchmarking/data/,True,"Be o sena dikgopolo tše mpe gomme ke ile ka thoma ka bophelo bjo  bo tlwaelegilego. Ke be ke thabile ka go fola. Bjale, ke emišitše ka dihlare. E setše e le kgwedi e tee go feta. ",Ke re boela mo Goropolo teng pe go mmekile ka thoma go pholola go goelehilego ke be ke thabile ka go fona a bale ke mmeši je ga di tlhare e setse e le kgwedi e teo feto
/mnt/multilingual_data/audio/Intron-Multimodal-Benchmarking/data/audio/intron/pedi/85c3f5837ea40732bc25bde499005a9b_BoVRYuZV.wav,16.030000686645508,"Ke tla leka go di araba ka mo go kgonegago.Kea leboga,Linda Lew Dumela ebile kea o amogela mo Chat Doctor. Ke maswabi ka seemo sa gago ebile ke nyaka go go hlohleletša bokamoso. ",pedi,intron-MT,/home/azureuser/gabby_data_mls/Intron-Multimodal-Benchmarking/data/,True,"Ke tla leka go di araba ka mo go kgonegago.Kea leboga,Linda Lew Dumela ebile kea o amogela mo Chat Doctor. Ke maswabi ka seemo sa gago ebile ke nyaka go go hlohleletša bokamoso. ",Ke ka le ka go di araba ka moggo gone gago ke leboa le ndalungu dimeela i vleki yao a moghela mo the doctor ke mase wa bi ka se mo sagago e bile kenya ka go go tlhofelela tja bokamoso
/mnt/multilingual_data/audio/Intron-Multimodal-Benchmarking/data/audio/intron/pedi/1feb709fdddfbaee2b06e3fb2250c092_QP0pvw9S.wav,8.515000343322754,A máa tẹ̀síwájú láti béèrè fún àwùjọ níbi tí a ti lè gbé nínú ààbò.,pedi,intron-MT,/home/azureuser/gabby_data_mls/Intron-Multimodal-Benchmarking/data/,True,A máa tẹ̀síwájú láti béèrè fún àwùjọ níbi tí a ti lè gbé nínú ààbò.,Re tlatswella pele re botsa sechaba gore re dole are e kakomelwe
/mnt/multilingual_data/audio/Intron-Multimodal-Benchmarking/data/audio/intron/pedi/01fff0cba80ea532ef334b6f3cbe4f21_NmiNY7Zt.wav,5.066999912261963,"Tsatsi le ke be ke swanetse go ya Portugal,be [ke so hwetse] pokuna yaka ya passport...",pedi,intron-MT,/home/azureuser/gabby_data_mls/Intron-Multimodal-Benchmarking/data/,True,"Tsatsi le ke be ke swanetse go ya Portugal,be [ke so hwetse] pokuna yaka ya passport...",Se achilei que vai que se onde chegou ia Portugal e que se o outro fica na ya ka passaporte
/mnt/multilingual_data/audio/Intron-Multimodal-Benchmarking/data/audio/intron/pedi/cfb05a657930788009c9dd059182f1fd_mw1G0DyL.wav,18.583999633789062,O swanetṣ̌e gore o hlole ke Oral PHYSICIAN ebile o gwetṣ̌e x-ray ge elegore wisdom tooth e gwetṣ̌agetṣ̌e impacted extraction  goswana etlo lokiṣ̌a bothata permanently.,pedi,intron-MT,/home/azureuser/gabby_data_mls/Intron-Multimodal-Benchmarking/data/,True,O swanetṣ̌e gore o hlole ke Oral PHYSICIAN ebile o gwetṣ̌e x-ray ge elegore wisdom tooth e gwetṣ̌agetṣ̌e impacted extraction  goswana etlo lokiṣ̌a bothata permanently.,O swanetše gore o hloeke oral physician e bile o opwetse x-ray ge ile gore wisdom tooth e hwetjagetje impacted extraction go swana e tlukisha bothata permanently
/mnt/multilingual_data/audio/Intron-Multimodal-Benchmarking/data/audio/intron/pedi/43156f59dfa3c1ea675a0dc1e09007b3_uT6c59ZT.wav,4.2729997634887695,"Ka fao o bile le yona e dirilwego pele, o rile?",pedi,intron-MT,/home/azureuser/gabby_data_mls/Intron-Multimodal-Benchmarking/data/,True,"Ka fao o bile le yona e dirilwego pele, o rile?",Kafa u bile le ona i dirilwe go pele gore
/mnt/multilingual_data/audio/Intron-Multimodal-Benchmarking/data/audio/intron/pedi/c6298ed5154a1372e76576a2e403ae3e_X861NDmK.wav,5.824999809265137,"Ka fao, dingongorego tša gago ke dife lehono?",pedi,intron-MT,/home/azureuser/gabby_data_mls/Intron-Multimodal-Benchmarking/data/,True,"Ka fao, dingongorego tša gago ke dife lehono?",Ka fao dingono reka tsa khago ke diphe ile
/mnt/multilingual_data/audio/Intron-Multimodal-Benchmarking/data/audio/intron/pedi/7837e57bfda9d0312c7d16bdf5479438_ai8aud3P.wav,10.288000106811523,Ka lebaka la esiti ya ka mpheng gokwagala eke etla godimo ebile e hlola dika Txe dingwe. Eka hlola gape le segohlolo le go ikwa osa kgone go hema ,pedi,intron-MT,/home/azureuser/gabby_data_mls/Intron-Multimodal-Benchmarking/data/,True,Ka lebaka la esiti ya ka mpheng gokwagala eke etla godimo ebile e hlola dika Txe dingwe. Eka hlola gape le segohlolo le go ikwa osa kgone go hema ,Ka lebaka la ECD ya kampeng oo kwagala eke e tla godimo e bile hllola dikgato tsa dimo e ka hllola gape le sego hlololo le go e kwa o sa gonoho
/mnt/multilingual_data/audio/Intron-Multimodal-Benchmarking/data/audio/intron/pedi/7e708b37c1744be028e2627aa03685e3_wfIASYoo.wav,4.86299991607666,Leina laka ke Ngaka Olowu gomme ke tla ba ngaka ya lena lehono.,pedi,intron-MT,/home/azureuser/gabby_data_mls/Intron-Multimodal-Benchmarking/data/,True,Leina laka ke Ngaka Olowu gomme ke tla ba ngaka ya lena lehono.,Lihinan la kaengaka olou hommitla wangaka yalenalhou
/mnt/multilingual_data/audio/Intron-Multimodal-Benchmarking/data/audio/intron/pedi/3e2588c429086d0e80b8e0958b59bb4f_S6rSRbnr.wav,15.843000411987305,"Kgatelelo ya monagano e ka direga ka kgatelelo ya ka mehla, gomme gape e ka direga ka tsela ya thutaphedi ntle le kgatelelo le ge e le efe le yona.  O hloka kalafo e swanetšego bakeng sa se se swanago.",pedi,intron-MT,/home/azureuser/gabby_data_mls/Intron-Multimodal-Benchmarking/data/,True,"Kgatelelo ya monagano e ka direga ka kgatelelo ya ka mehla, gomme gape e ka direga ka tsela ya thutaphedi ntle le kgatelelo le ge e le efe le yona.  O hloka kalafo e swanetšego bakeng sa se se swanago.",Xatselello ya monarano e ka direga ka xatselello ya kametla gomme rrape e ka direga ka tsela ya thuta PID ntle le xatselello le geile e feli ona o tlhoka kalafoe e tswane je go bakeng sa seswa na
/mnt/multilingual_data/audio/Intron-Multimodal-Benchmarking/data/audio/intron/pedi/83eb03ef5955fd6329235c6e75cd97e4_BogzcfQd.wav,8.857000350952148,"Aka hwetsa selo mo ,lebaka ke gore ke Ile Ka thoma go nyakisisa Ka kamano ya Trump go Farage,mo khamphani ye ebitswago Cambridge Analytica.",pedi,intron-MT,/home/azureuser/gabby_data_mls/Intron-Multimodal-Benchmarking/data/,True,"Aka hwetsa selo mo ,lebaka ke gore ke Ile Ka thoma go nyakisisa Ka kamano ya Trump go Farage,mo khamphani ye ebitswago Cambridge Analytica.",Akago ya Selomo ne vakakawori ke ile ka thomoganya ke tshisa ka kamano ya Trump go Farage mo kampani ye e bitsweng Cambridge Analytica.
/mnt/multilingual_data/audio/Intron-Multimodal-Benchmarking/data/audio/intron/pedi/4052c9f8ab18ff6848bd7b246d668b97_jhvypkXQ.wav,6.627999782562256,"Aowa, ga ke na go ruruga le ge e le gofe.",pedi,intron-MT,/home/azureuser/gabby_data_mls/Intron-Multimodal-Benchmarking/data/,True,"Aowa, ga ke na go ruruga le ge e le gofe.",Auwa gakin garuru ga lage ilugu
/mnt/multilingual_data/audio/Intron-Multimodal-Benchmarking/data/audio/intron/pedi/c91392ad289d91bb2fffdf7a2e73b06f_SFB7JAkJ.wav,10.541000366210938,"Jwalo oebeya kagare ga faele ya lebakanyana, ke ye xweu ka mmala. Ebile ke beyakantxe kopano ya beke Txe tharo gotloga ga bjale",pedi,intron-MT,/home/azureuser/gabby_data_mls/Intron-Multimodal-Benchmarking/data/,True,"Jwalo oebeya kagare ga faele ya lebakanyana, ke ye xweu ka mmala. Ebile ke beyakantxe kopano ya beke Txe tharo gotloga ga bjale",Jwa lebi ya gagara faile ya lebakanyana kee sho u ka mmaala ebile ke biyakanche kopano ya beke je tharagotlwa ga biala
/mnt/multilingual_data/audio/Intron-Multimodal-Benchmarking/data/audio/intron/pedi/4283d5ed482ec4e3111a785dbdbecf76_VIUUuTBK.wav,13.666000366210938,"Maabane ke ile ka ikwa ke babja go fihla ka mpeng ya ka , ke be ke lapile dibeke tše ka bago tše 2 bjale, ke be ke na le hlogo ye bofefo kudu- e nyakile go kwagala bjalo ka bohloko bja hlogo ye bofefo.",pedi,intron-MT,/home/azureuser/gabby_data_mls/Intron-Multimodal-Benchmarking/data/,True,"Maabane ke ile ka ikwa ke babja go fihla ka mpeng ya ka , ke be ke lapile dibeke tše ka bago tše 2 bjale, ke be ke na le hlogo ye bofefo kudu- e nyakile go kwagala bjalo ka bohloko bja hlogo ye bofefo.",Maavaniki ile gaikwa ke babjwa go fitlha kampeng yaaka ke ba kgilapile di beketse ka ba go tsebedi biale ke beke na letlhogo e bofefokutu enya ke ile go kgalabela ka botlhoko bwa tlhogo e bofefo
/mnt/multilingual_data/audio/Intron-Multimodal-Benchmarking/data/audio/intron/pedi/b955aab0124f3ea6b22be2cae912ebf1_xZLKV1Ea.wav,9.031999588012695,"Ee,swanetse abe mo ,Ka boyena.",pedi,intron-MT,/home/azureuser/gabby_data_mls/Intron-Multimodal-Benchmarking/data/,True,"Ee,swanetse abe mo ,Ka boyena.",याखाली मी किती टक्के आहे? सोनीजी आबे मोह कबुय है ना
/mnt/multilingual_data/audio/Intron-Multimodal-Benchmarking/data/audio/intron/pedi/83b1b4b385992c5e73b6480ab42d4a33_88q7TN9q.wav,8.982999801635742,"Mara nako ye ke SA le mahlalagading,moepo WA malahla le wa ditshipi etswaletswe,motse Ka Moka WA ba kgakanegong.",pedi,intron-MT,/home/azureuser/gabby_data_mls/Intron-Multimodal-Benchmarking/data/,True,"Mara nako ye ke SA le mahlalagading,moepo WA malahla le wa ditshipi etswaletswe,motse Ka Moka WA ba kgakanegong.",Mara nako e ke sa le matlhalaga ding moepo wa malatlhalwa ditshipi etswaletso mojekamoke wa baghakane go
/mnt/multilingual_data/audio/Intron-Multimodal-Benchmarking/data/audio/intron/pedi/39399cf8e47d0516e81ac8598ec423d1_GALTzlve.wav,7.177999973297119,Rea tseba gore Gona le barutwana ba balego kotsing ya go lahlegelwa ke ngwaga Ka moka WA dithuto tsa bona.,pedi,intron-MT,/home/azureuser/gabby_data_mls/Intron-Multimodal-Benchmarking/data/,True,Rea tseba gore Gona le barutwana ba balego kotsing ya go lahlegelwa ke ngwaga Ka moka WA dithuto tsa bona.,Re a tseboga gore o na le barutwana ba ba lokotseng ya go latlheola ke ngwaga ka moka wa dithuto ja bona
/mnt/multilingual_data/audio/Intron-Multimodal-Benchmarking/data/audio/intron/pedi/2a47597310b07ed80cff87ef62a76909_PlECREa4.wav,12.095000267028809,Zwswa ke leboga potxixo yagago mo poledisanong yagago le ngaka. Ke kwixixa seemo sagago le bothata. Seka sagago ke sona seleng go mexifa le marapo ka lebaka la moxomo WA gago,pedi,intron-MT,/home/azureuser/gabby_data_mls/Intron-Multimodal-Benchmarking/data/,True,Zwswa ke leboga potxixo yagago mo poledisanong yagago le ngaka. Ke kwixixa seemo sagago le bothata. Seka sagago ke sona seleng go mexifa le marapo ka lebaka la moxomo WA gago,Se swa ke le bopuxu xega go mo poledishanong ya gago lenga ka. Ke kuxisha se mo se ga go le bothata. Se ka se ga go ke sona se beng go mishifala mara pokalobaka la mosumo wa gago.
/mnt/multilingual_data/audio/Intron-Multimodal-Benchmarking/data/audio/intron/pedi/ae95f28ad8e2209ec08ae4975f5afe93_W7EN0Hnq.wav,12.267000198364258,Go efoga se-O swanetše go Boledišana le Ngaka ya Pelo- gomme o nyakišišwe bakeng sa lipid profile le teko ya kgateletšego/ Thallium Nuclear Scan e ka nyakega tabeng ya gago. ,pedi,intron-MT,/home/azureuser/gabby_data_mls/Intron-Multimodal-Benchmarking/data/,True,Go efoga se-O swanetše go Boledišana le Ngaka ya Pelo- gomme o nyakišišwe bakeng sa lipid profile le teko ya kgateletšego/ Thallium Nuclear Scan e ka nyakega tabeng ya gago. ,Go afora se o swanetše go bolelela le nga ka ya pilo gomme o nya ke shiswe ba cancer lipid profile le deco ya gataletsego go bathala mna tlia scan e ka nyaka gatabeng ya ga
/mnt/multilingual_data/audio/Intron-Multimodal-Benchmarking/data/audio/intron/pedi/6e0de4630f4413fc8405484deb4319e2_do1Jbf2T.wav,27.701000213623047,"Mna Ali o boletše gore dipego tšeo di fihlago ntlokgolo go tšwa go Ditaelo di bontšha gore, bahlankedi ba ditseno ba be ba rotogela godimo go tlhohlo ya mošomo wa bona wa profeshenale ka go boloka maemakepe a maemakepe a šoma.",pedi,intron-MT,/home/azureuser/gabby_data_mls/Intron-Multimodal-Benchmarking/data/,True,"Mna Ali o boletše gore dipego tšeo di fihlago ntlokgolo go tšwa go Ditaelo di bontšha gore, bahlankedi ba ditseno ba be ba rotogela godimo go tlhohlo ya mošomo wa bona wa profeshenale ka go boloka maemakepe a maemakepe a šoma.",A re-vision e ke re tloga mmona Ali a re report o difficult le thatse o go command indicator o gore custom operator e bilwe le katosogo mo di challenging tsa bo kona ba bona ka go pitla bantši ba bjaya ba support.
/mnt/multilingual_data/audio/Intron-Multimodal-Benchmarking/data/audio/intron/pedi/ca56908610bc0bcbfd1a01330e00157e_jIRDcX2W.wav,17.81100082397461,"Eupya go sepela diiri txe nne GA go eletxwe, legend of ka efoga jerk. Go kgethwa kudu go fetolxa modudi wa gago go feta go txea leeto le letelele txatxi ka txatxi",pedi,intron-MT,/home/azureuser/gabby_data_mls/Intron-Multimodal-Benchmarking/data/,True,"Eupya go sepela diiri txe nne GA go eletxwe, legend of ka efoga jerk. Go kgethwa kudu go fetolxa modudi wa gago go feta go txea leeto le letelele txatxi ka txatxi",o sepela diiritje nn a o eleejwi le re o ka e foga direk go gettho kudu o fetoshang mududi wa gago o feta go tsia leeto le le telele le tja tshika tsana
/mnt/multilingual_data/audio/Intron-Multimodal-Benchmarking/data/audio/intron/pedi/9fe80766c38bc7d65a835858aaada0a3_aG149CQM.wav,6.520999908447266,Ma ụmụ irighiri ihe bụ ndị na-akọ akụkọ banyere ihe nzuzo anyị n 'otu aka.,pedi,intron-MT,/home/azureuser/gabby_data_mls/Intron-Multimodal-Benchmarking/data/,True,Ma ụmụ irighiri ihe bụ ndị na-akọ akụkọ banyere ihe nzuzo anyị n 'otu aka.,Di molekulye ke dinonwane ce urubujwagu ka diphiri tsa re
/mnt/multilingual_data/audio/Intron-Multimodal-Benchmarking/data/audio/intron/pedi/edc626caa5c57a1546ab0fdb1c217b55_6ftzvT5A.wav,12.980999946594238,Morwa waka yo a nago le mengwaga ye senyane o be a dutše a ngongorega ka dihlabi tša ka mpeng.  Se se thomile dibeke tše tharo tše di fetilego ka morago ga ge a hweditše di-brace.,pedi,intron-MT,/home/azureuser/gabby_data_mls/Intron-Multimodal-Benchmarking/data/,True,Morwa waka yo a nago le mengwaga ye senyane o be a dutše a ngongorega ka dihlabi tša ka mpeng.  Se se thomile dibeke tše tharo tše di fetilego ka morago ga ge a hweditše di-brace.,Morwa wa ka yo ana go le mngwa ga e seng ya ne o be adutsi a ngongwe rega ka ditlhabetsa ka mpeng se sethomile di beketse tharu tse difitlego ka moragoga ge a goditse di pres.
/mnt/multilingual_data/audio/Intron-Multimodal-Benchmarking/data/audio/intron/pedi/14efe81e2a34e7f8952bdc3657067c55_aevjFHAk.wav,16.180999755859375,Mosadi waka ona le leswilka la silikalas yago lekana di milimitara Txe masome pedi nne ka gare ga kalbolada  okwa bohloko ka letsogong la go ja Goya godimo ga abodomene gotloga matxatxing a xupa agofeta,pedi,intron-MT,/home/azureuser/gabby_data_mls/Intron-Multimodal-Benchmarking/data/,True,Mosadi waka ona le leswilka la silikalas yago lekana di milimitara Txe masome pedi nne ka gare ga kalbolada  okwa bohloko ka letsogong la go ja Goya godimo ga abodomene gotloga matxatxing a xupa agofeta,Mo sadiwaka o nna le lisiswika ka raragara selaka se yao le kana di milimetara tse masumi pedi 4 gagare ga kala polada o kwa botlhokgo ka letsego lla goja go ya godimo ga abdomen go tloga matjating a shupa a go fet
/mnt/multilingual_data/audio/Intron-Multimodal-Benchmarking/data/audio/intron/pedi/285bea482371d3fa5c910d9d3e071a53_KPdq5COV.wav,17.441999435424805,Diteko Txe pedi txa bjale di boncha go nyoga ga biluribini lemadi ka gare ga mohlapologo waka empa txhomo godimo ya sebete gase ya boncha selo. Ebe ele kgweding Txe lesome txa go feta. Gabjale re hudugetxe lefelong le lesfsa,pedi,intron-MT,/home/azureuser/gabby_data_mls/Intron-Multimodal-Benchmarking/data/,True,Diteko Txe pedi txa bjale di boncha go nyoga ga biluribini lemadi ka gare ga mohlapologo waka empa txhomo godimo ya sebete gase ya boncha selo. Ebe ele kgweding Txe lesome txa go feta. Gabjale re hudugetxe lefelong le lesfsa,Ditoka tšefedi cha vyale tiwoncha go nywa ga belu robini le madika ga rega mo hlapolgo waka e mpa tshomo go dimo ya sebete ase ya boncha silo e be e le gweding tje le some tja go feta ga bi ale re go diretse le felong le le
/mnt/multilingual_data/audio/Intron-Multimodal-Benchmarking/data/audio/intron/pedi/2df1789e08500322346fd770a0d892c4_Y0nbBQ3p.wav,3.63700008392334,Ka ngwaga wo o fetileng fela.,pedi,intron-MT,/home/azureuser/gabby_data_mls/Intron-Multimodal-Benchmarking/data/,True,Ka ngwaga wo o fetileng fela.,Kanwaaga wo ufitileng faa
/mnt/multilingual_data/audio/Intron-Multimodal-Benchmarking/data/audio/intron/pedi/93a6938ae7510eb688c24e83a1cb6fd8_fD3Q5gmc.wav,16.507999420166016,"Dika tša boimana bjalo ka go nyema moko, go hlatša,go rota mo go oketšegilego, matswele a bohloko a thoma gona kua dibekeng tše 6 tša boimana.  Ka ge o be o sa hwetše dinako go boima kudu go bolela e sa le pele.",pedi,intron-MT,/home/azureuser/gabby_data_mls/Intron-Multimodal-Benchmarking/data/,True,"Dika tša boimana bjalo ka go nyema moko, go hlatša,go rota mo go oketšegilego, matswele a bohloko a thoma gona kua dibekeng tše 6 tša boimana.  Ka ge o be o sa hwetše dinako go boima kudu go bolela e sa le pele.",Diika tsa boimani a phele ka go nnega momo go tlhatša go rrota mogo o ketse ilego matswele a botsoko a thoma gona kwa dibekeng tse tla tsa boimani ka ge o bo tsahoetje dinako boimani go go bolela e sale
/mnt/multilingual_data/audio/Intron-Multimodal-Benchmarking/data/audio/intron/pedi/d381b2c6d0f1df7a2d99170046d373ac_NyPgvUlq.wav,6.210000038146973,"Esego kannete, gase ra itukišetša go ba le ngwana gona bjale.",pedi,intron-MT,/home/azureuser/gabby_data_mls/Intron-Multimodal-Benchmarking/data/,True,"Esego kannete, gase ra itukišetša go ba le ngwana gona bjale.",is e o kan ni as e bay to kish e jaw balewana o me ya
/mnt/multilingual_data/audio/Intron-Multimodal-Benchmarking/data/audio/intron/pedi/3d5049ec6fd2696285e887d5d8c91cfe_pG3QWz0r.wav,2.492000102996826,Hlatholla setsopolwa SA nnete,pedi,intron-MT,/home/azureuser/gabby_data_mls/Intron-Multimodal-Benchmarking/data/,True,Hlatholla setsopolwa SA nnete,ukhatholisa tsopola saneti
/mnt/multilingual_data/audio/Intron-Multimodal-Benchmarking/data/audio/intron/pedi/ee741e300986c59596d57a166a68daf4_Lqkhtvg8.wav,13.875,"Ke nale asthma  ebile ke gohlola Madi,eseng ge ke gohlola ka kudu.se sediragetṣ̌e ga raro mo mafelelong a dikgwedi tṣ̌e tshela tṣ̌ao feta ",pedi,intron-MT,/home/azureuser/gabby_data_mls/Intron-Multimodal-Benchmarking/data/,True,"Ke nale asthma  ebile ke gohlola Madi,eseng ge ke gohlola ka kudu.se sediragetṣ̌e ga raro mo mafelelong a dikgwedi tṣ̌e tshela tṣ̌ao feta ","Ke nale asma, ibile ke ggotlola madi, e seng ke e ggotlola ka kudu. Sa se dirage je gararo mo mafelelong a dikweditse, tsela tsa o feta."
/mnt/multilingual_data/audio/Intron-Multimodal-Benchmarking/data/audio/intron/pedi/4a544765dbcf7f739689db84c2701f3d_ZvzvNU6V.wav,4.083000183105469,– hayupo kwenye kituo cha redio,pedi,intron-MT,/home/azureuser/gabby_data_mls/Intron-Multimodal-Benchmarking/data/,True,– hayupo kwenye kituo cha redio,Ra rona go papatjo ya sia le moyeng
/mnt/multilingual_data/audio/Intron-Multimodal-Benchmarking/data/audio/intron/pedi/a624de8a10eb030169b1042c1d951ed9_NbCYp5Eq.wav,5.701000213623047,"Empa moetapele WA Fulham orile:"" Ke yena WA Pele WA go nromela molaetsa WA gore ""o amogetswe"".",pedi,intron-MT,/home/azureuser/gabby_data_mls/Intron-Multimodal-Benchmarking/data/,True,"Empa moetapele WA Fulham orile:"" Ke yena WA Pele WA go nromela molaetsa WA gore ""o amogetswe"".",empa mo eta pelwafulham o rile ke yena wa pele wa go ndromela mole eja wa gore o amogwe eja
/mnt/multilingual_data/audio/Intron-Multimodal-Benchmarking/data/audio/intron/pedi/2c39e322478a27bf0f43af00e1d363c8_rR80ZthI.wav,6.177000045776367,"Ge ke lebella TSE Di ndikaneditsego bjale,ke bona lefelo le lengwe le lengwe bjalo Ka monyetla.",pedi,intron-MT,/home/azureuser/gabby_data_mls/Intron-Multimodal-Benchmarking/data/,True,"Ge ke lebella TSE Di ndikaneditsego bjale,ke bona lefelo le lengwe le lengwe bjalo Ka monyetla.",Ke kgile ba lela tse ding ka ne di tsho go biya le ke bona le filo le lengwe le lengwe le lengwe ka monyetla
/mnt/multilingual_data/audio/Intron-Multimodal-Benchmarking/data/audio/intron/pedi/d18dde2806438ac2c24a91c4e8de803e_UEu8BUmY.wav,6.961999893188477,"Go lokile, naa o ile wa mofa se sengwe sa go mo thusha ka seemo sa leratadima?",pedi,intron-MT,/home/azureuser/gabby_data_mls/Intron-Multimodal-Benchmarking/data/,True,"Go lokile, naa o ile wa mofa se sengwe sa go mo thusha ka seemo sa leratadima?",O golo ke ile na wile wa mofase sengwe sa go muthusha ka se mo salarata dinga
/mnt/multilingual_data/audio/Intron-Multimodal-Benchmarking/data/audio/intron/pedi/0e79c9790bc9a83f333d37b32cd29b36_gb3lZVzz.wav,15.824000358581545,"Lekope le le tla re botša gore ke mohuta ofe wa seterouku, ge e le gore ke seterouku, ke mohuta ofe wa seterouku? Ka gobane ke na le baanegwa ba babedi. Tshwarelo, ga se ka hwetša seo.",pedi,intron-MT,/home/azureuser/gabby_data_mls/Intron-Multimodal-Benchmarking/data/,True,"Lekope le le tla re botša gore ke mohuta ofe wa seterouku, ge e le gore ke seterouku, ke mohuta ofe wa seterouku? Ka gobane ke na le baanegwa ba babedi. Tshwarelo, ga se ka hwetša seo.",Lekopele le tlarebotja gore ke muhuta o ofe wa setorogo? He ele gore ke setorogo. Ke muhuta o ofe wa setorogo? Ka o van ke nalwane go ba babedi. Tswarele ga se ka hotša se.
/mnt/multilingual_data/audio/Intron-Multimodal-Benchmarking/data/audio/intron/pedi/98844ca7bf647cddd1b85e67439e4e88_dEby4k2a.wav,17.641000747680664,"Go feta iri,obe a emeletse Alamu Ka Di potsiso gotswa go molaodi, bofelong Adio athoma go botsisa di potsiso,go moemedi WA Alamu,na go Sena motho yo asatsebego Ka kgoro tsheko gore molato ofela bjang. Dipotsiso TSA Gona Di be Di le bogale,Di nyakisisa,Di tseneletse.",pedi,intron-MT,/home/azureuser/gabby_data_mls/Intron-Multimodal-Benchmarking/data/,True,"Go feta iri,obe a emeletse Alamu Ka Di potsiso gotswa go molaodi, bofelong Adio athoma go botsisa di potsiso,go moemedi WA Alamu,na go Sena motho yo asatsebego Ka kgoro tsheko gore molato ofela bjang. Dipotsiso TSA Gona Di be Di le bogale,Di nyakisisa,Di tseneletse.","Po feta iri o ya emaele cha alam, ka dipujusho go tswa go mola o, mofelo ngadi a athoma go buchisa dipujusho go mo emedi wa alam, na go sene motho yo asadzwa eng ka go rothso go re mola to o fela بیا dipujusho tja gona di bedi le pogale di nyankishisa tse neleche"
/mnt/multilingual_data/audio/Intron-Multimodal-Benchmarking/data/audio/intron/pedi/c34373d1ce575dd96b26d2cde198ac4c_5phLks6l.wav,11.295000076293944,"Ee, ee.  Go lokile.  Go lokile gona.  Oo, ke a bona.",pedi,intron-MT,/home/azureuser/gabby_data_mls/Intron-Multimodal-Benchmarking/data/,True,"Ee, ee.  Go lokile.  Go lokile gona.  Oo, ke a bona.",e eh lukilukilona oo kyagoo
/mnt/multilingual_data/audio/Intron-Multimodal-Benchmarking/data/audio/intron/pedi/19241849c3b0c437a047a6bdf8bad760_F9ZPvwqf.wav,20.958999633789062,Ga go le e tee go fihla ga bjale.  Re gatelelwa ke sekolo eupša morwa wa ka o sa hwetša di-A tša magareng le di-B.  Bothata fela ke diteko tša gagwe (dipalo) tšeo e lego di-D le Di-F,pedi,intron-MT,/home/azureuser/gabby_data_mls/Intron-Multimodal-Benchmarking/data/,True,Ga go le e tee go fihla ga bjale.  Re gatelelwa ke sekolo eupša morwa wa ka o sa hwetša di-A tša magareng le di-B.  Bothata fela ke diteko tša gagwe (dipalo) tšeo e lego di-D le Di-F,Ga go leetse go fitlha ga bialo re ga tsanelwa ke sekolo e o pyeo moro wa ka o sa go chadi e e chama garenng le dipi botata fela ke ditseko tsa gago si shireletsho se se utjwego dipalo si shireletsho se se tswaletjwego tjao e le go di di le di f
/mnt/multilingual_data/audio/Intron-Multimodal-Benchmarking/data/audio/intron/pedi/19b302bae039b71ef21e6e948923b54e_9nBWkC8j.wav,9.017000198364258,"Go lokile, ke na le go khohlela mo go swana le matšatši a mabedi bjale.",pedi,intron-MT,/home/azureuser/gabby_data_mls/Intron-Multimodal-Benchmarking/data/,True,"Go lokile, ke na le go khohlela mo go swana le matšatši a mabedi bjale.",Kholokele ke nna le go khohlela mo go tswana le matshatsi a mavedii yae
/mnt/multilingual_data/audio/Intron-Multimodal-Benchmarking/data/audio/intron/pedi/4ae83983f6b7cc9bbb930b8ab822670e_xivB5081.wav,21.093000411987305,"ke bile le thobalano yeo e sa šireletšwago ka di 8 tša march gomme ex yaka e rothile ka go nna, ke tšere diteko tše 3 tša boimana tša ka gae le teko ya madi eupša ka moka di boile di sa thabišego.",pedi,intron-MT,/home/azureuser/gabby_data_mls/Intron-Multimodal-Benchmarking/data/,True,"ke bile le thobalano yeo e sa šireletšwago ka di 8 tša march gomme ex yaka e rothile ka go nna, ke tšere diteko tše 3 tša boimana tša ka gae le teko ya madi eupša ka moka di boile di sa thabišego.",Ke bile le thobalano yeo e sa sireletšwa go ditli 8 tša Machi gomme xya ka e rotile ka gonne ke kere diteko tša wima na tša gaele teko ya madi 8 tša ka mokadi we le di satabši
/mnt/multilingual_data/audio/Intron-Multimodal-Benchmarking/data/audio/intron/pedi/4450df39069c9e0d5403f53c6cfea3cf_ILxWM7Hr.wav,21.91699981689453,"Dumela, ke nna Bhargav go tšwa Mumbai. Ke dirile tekolo ya dipshio go lekola mošomo wa tšona ka Phupunj 2010. Ka nako yeo, mphio ya ka ya le letshadi e be e šoma ka diperesente tše 23%, gomme ya le letona e be e šoma ka diperesente tše 73%.

",pedi,intron-MT,/home/azureuser/gabby_data_mls/Intron-Multimodal-Benchmarking/data/,True,"Dumela, ke nna Bhargav go tšwa Mumbai. Ke dirile tekolo ya dipshio go lekola mošomo wa tšona ka Phupunj 2010. Ka nako yeo, mphio ya ka ya le letshadi e be e šoma ka diperesente tše 23%, gomme ya le letona e be e šoma ka diperesente tše 73%.

",Ke meela ke nna pa ga go tshwomba ga di direledi tsekolo ya dipuo oleko la moshumo wa jona ka phiphwe 2010 ka nako yo mphuo ya ka ya lecha di ebetswa ka di percentage 3% ho mo ya le tlhuna e ebetswa ka di percentage 73%
/mnt/multilingual_data/audio/Intron-Multimodal-Benchmarking/data/audio/intron/pedi/cd7a749a2c46bca8e860e8c922d9beaf_gl41kiyr.wav,9.79599952697754,Go lokile.  Na o kgona go bona gabotse?  Naa o na le bothata bja go se bone...?,pedi,intron-MT,/home/azureuser/gabby_data_mls/Intron-Multimodal-Benchmarking/data/,True,Go lokile.  Na o kgona go bona gabotse?  Naa o na le bothata bja go se bone...?,Kolokile na o kona go bona gabotse na o na le botata bjalo sebone
/mnt/multilingual_data/audio/Intron-Multimodal-Benchmarking/data/audio/intron/pedi/95dd72d9d72a75b5577b74888fe4f7c0_os9v3aKD.wav,3.345999956130981,Seo se na le kgwedi se direga.,pedi,intron-MT,/home/azureuser/gabby_data_mls/Intron-Multimodal-Benchmarking/data/,True,Seo se na le kgwedi se direga.,sel selam lekoy disirega
/mnt/multilingual_data/audio/Intron-Multimodal-Benchmarking/data/audio/intron/pedi/c8ed8e70e5682436f4d818a886a7da0f_Xpwuj2LF.wav,14.23799991607666,"Dumela ke kwa phefo kudukudu, ebile le go gohlola go gona. Ke na le mengwaga ye 27, 169 cm ka seemo, sehlopa sa madi aka ke A+, ke imela 61 kg. ",pedi,intron-MT,/home/azureuser/gabby_data_mls/Intron-Multimodal-Benchmarking/data/,True,"Dumela ke kwa phefo kudukudu, ebile le go gohlola go gona. Ke na le mengwaga ye 27, 169 cm ka seemo, sehlopa sa madi aka ke A+, ke imela 61 kg. ",Dumello ke kwa phefo kudu e vlego go tlile rona go bona ke na le mengwa ga 27 169cm ga CM se kopasa ma di akaki A+ ke mela 61 kg
/mnt/multilingual_data/audio/Intron-Multimodal-Benchmarking/data/audio/intron/pedi/54a1afe7597b49f21ac7dfd09b2b1d57_fZveA1ui.wav,11.689000129699709,Na ke swanetše go bea phetse godimo ga lethopa ?  Ga ke tsebe. ka kgopela a Na oka fana ka keletšo ye nngwe ?  Ditebogo tše dintši Rod Sayers.,pedi,intron-MT,/home/azureuser/gabby_data_mls/Intron-Multimodal-Benchmarking/data/,True,Na ke swanetše go bea phetse godimo ga lethopa ?  Ga ke tsebe. ka kgopela a Na oka fana ka keletšo ye nngwe ?  Ditebogo tše dintši Rod Sayers.,Ana kitchenetše go be ya petse go dimagale thopa ga ke tšebe ka kgopelo o ka fana ka kenetšo e nngwe itebo go tshe dintsi roth say
/mnt/multilingual_data/audio/Intron-Multimodal-Benchmarking/data/audio/intron/pedi/ffb9897d3290b84342b6d5f77893aa61_lEgde6VQ.wav,18.25900077819824,Ga ke kgone go dula kago otlologa goba go ema ntle le go ba le dihlabi tša sefuba gomme ka dikelela  bbad le go hlatša.  Eupša ge nka patlama fase e a nolofala ka tsela ye nngwe.  Ke na le go opša ke hlogo ka morago ga moo ,pedi,intron-MT,/home/azureuser/gabby_data_mls/Intron-Multimodal-Benchmarking/data/,True,Ga ke kgone go dula kago otlologa goba go ema ntle le go ba le dihlabi tša sefuba gomme ka dikelela  bbad le go hlatša.  Eupša ge nka patlama fase e a nolofala ka tsela ye nngwe.  Ke na le go opša ke hlogo ka morago ga moo ,Re kgone go dula ka go otologa go ba go ye mantle le go ba le ditlhapi tsa sefuba gomme ga dikele la pete go tlhatsa eupia re nka patla mafase a nolo falla ka tsela e yongwe kena le go o pua ke tlhogo ka mora go ga mong
/mnt/multilingual_data/audio/Intron-Multimodal-Benchmarking/data/audio/intron/pedi/70e56588d0d0200726a7de7a2f940dd9_3U4oMcLX.wav,14.279000282287598,"Antigen ya kankere 125 ke selo seo se tšweletšwago ka gare ga mae , diphaephe tša fallopian, popelo, molomo wa popelo le lera la sehuba le mašoba a ka mpeng (pleura le peritoneum).",pedi,intron-MT,/home/azureuser/gabby_data_mls/Intron-Multimodal-Benchmarking/data/,True,"Antigen ya kankere 125 ke selo seo se tšweletšwago ka gare ga mae , diphaephe tša fallopian, popelo, molomo wa popelo le lera la sehuba le mašoba a ka mpeng (pleura le peritoneum).",Antigen ya cancer ya 125 ke siloseo se tsweletsiwa go gagare ga maai dipipe tsa Fallopian opelo molomo wa popelo le lira la sihuba le mashobo a kampeng flora le peritoneum
/mnt/multilingual_data/audio/Intron-Multimodal-Benchmarking/data/audio/intron/pedi/8522c78922cfa4e15490a27cc111c43f_H3E0QFEW.wav,18.124000549316406,"dingaka ga di tsebe gore go direga eng.o na le kgopolo? Thobela,matshwao a gago a šišinya e ka ba go fokotšega ga electrolyte goba leoto leo lesa iketlago.syn ngaka ya poledišano ",pedi,intron-MT,/home/azureuser/gabby_data_mls/Intron-Multimodal-Benchmarking/data/,True,"dingaka ga di tsebe gore go direga eng.o na le kgopolo? Thobela,matshwao a gago a šišinya e ka ba go fokotšega ga electrolyte goba leoto leo lesa iketlago.syn ngaka ya poledišano ",Dinaka ga di tsebe gore go direga eng o na le kgopolo tswabela matsao a go a shishinya e ka ba wo bukotsegaga le tloito go balo to le o le sa iketlao sa ine ngaka ya pulidi
/mnt/multilingual_data/audio/Intron-Multimodal-Benchmarking/data/audio/intron/pedi/6e17121b7e61bba4a81e79b0b5ecedf6_v1ULCKCW.wav,5.890999794006348,"Bohloko bja ka mpeng?  Aowa, Aowa.",pedi,intron-MT,/home/azureuser/gabby_data_mls/Intron-Multimodal-Benchmarking/data/,True,"Bohloko bja ka mpeng?  Aowa, Aowa.",Oh suku ba kampeng au oh
/mnt/multilingual_data/audio/Intron-Multimodal-Benchmarking/data/audio/intron/pedi/3ab9fbbb5601ffac2713bf84889ab403_8iXPCqDq.wav,9.949000358581545,"Ga go bohloko, lege e le gore ge ke nagana morago ke lemogile bothata bja go sepela go ya godimo go ba go namela manamelo lebakanyana",pedi,intron-MT,/home/azureuser/gabby_data_mls/Intron-Multimodal-Benchmarking/data/,True,"Ga go bohloko, lege e le gore ge ke nagana morago ke lemogile bothata bja go sepela go ya godimo go ba go namela manamelo lebakanyana",Ka go botsogo lenga ile gore ge kenngana morao ke le mogile bothatebe go sepela go ya godimo go ba go namela me namelo le bakanyana
/mnt/multilingual_data/audio/Intron-Multimodal-Benchmarking/data/audio/intron/pedi/5c80afe7d18de6c0cadb92b0ce1b9e9a_HgCGykIb.wav,17.881000518798828,"Ka polelo ya semmušo ya la 9 Matšhe, Kereke ya Greek Orthodox e boletše gore e ka se fetoše meetlo go obamela magato a tšhireletšo.",pedi,intron-MT,/home/azureuser/gabby_data_mls/Intron-Multimodal-Benchmarking/data/,True,"Ka polelo ya semmušo ya la 9 Matšhe, Kereke ya Greek Orthodox e boletše gore e ka se fetoše meetlo go obamela magato a tšhireletšo.",Ka molela go buellego ka match ka dinaane ke ba the Greek Octox Church ba re batlatsi bisaa ba dinga ka gola telela melao le botlhoka ba melao
/mnt/multilingual_data/audio/Intron-Multimodal-Benchmarking/data/audio/intron/pedi/42bc45217c7600c787cd6b6a862d1049_v7QyIZDp.wav,3.407000064849853,Na o kile wa amogelwa sepetlele?,pedi,intron-MT,/home/azureuser/gabby_data_mls/Intron-Multimodal-Benchmarking/data/,True,Na o kile wa amogelwa sepetlele?,Na okilwa amohelwa sepethela
/mnt/multilingual_data/audio/Intron-Multimodal-Benchmarking/data/audio/intron/pedi/c2b956d2f94250e35cd61050b988901a_nv8yoOwW.wav,5.986000061035156,"Go lokile,bjale ka go hema? O na le bothata bjo bongwe bja go hema?",pedi,intron-MT,/home/azureuser/gabby_data_mls/Intron-Multimodal-Benchmarking/data/,True,"Go lokile,bjale ka go hema? O na le bothata bjo bongwe bja go hema?",Khulukile bien ka ho hema ona le go thata phebo bunwe ya hoe
/mnt/multilingual_data/audio/Intron-Multimodal-Benchmarking/data/audio/intron/pedi/9c8c3f72880c7ae15720b4ea769b5195_IwquKcZV.wav,23.429000854492188,"Inendaba yamaKristu eyaziwa ngokuthi ""Abantu Bomhume"", lapho osemusha, ehlushwa ngenxa yezinkolelo zakhe, abaleka khona edolobheni lakubo eyofuna isiphephelo emhumeni futhi walala ubuthongo.",pedi,intron-MT,/home/azureuser/gabby_data_mls/Intron-Multimodal-Benchmarking/data/,True,"Inendaba yamaKristu eyaziwa ngokuthi ""Abantu Bomhume"", lapho osemusha, ehlushwa ngenxa yezinkolelo zakhe, abaleka khona edolobheni lakubo eyofuna isiphephelo emhumeni futhi walala ubuthongo.","Mogodi kopanang ba ka lefatshe la Pasefokgale ba dipedilwa go tsala ka ba thatuva, people of the cave, mo ba swa ba twentsego mo go ralong ja bona ba tshabile tlopo go re ba eba ludula ka di ke te e gore ba robale"
/mnt/multilingual_data/audio/Intron-Multimodal-Benchmarking/data/audio/intron/pedi/1f57ad4a3866bc7fd9f4632c2fa0192a_pyZHeK8y.wav,12.53499984741211,"Ke ile ngakeng matxatxing agofeta ebile ase a mpotsa selo, efela gono leta gannyane gomme ampotsa gore o tla nthomela setsibing sa ENT",pedi,intron-MT,/home/azureuser/gabby_data_mls/Intron-Multimodal-Benchmarking/data/,True,"Ke ile ngakeng matxatxing agofeta ebile ase a mpotsa selo, efela gono leta gannyane gomme ampotsa gore o tla nthomela setsibing sa ENT",Ke lenga ke mang matjating a go feta ibile a se amputse silo ifela go no letaganyane gomme amputse gore o ta nthomela setshiveng sa e n
/mnt/multilingual_data/audio/Intron-Multimodal-Benchmarking/data/audio/intron/pedi/a73cc36d31437397338eeae05a11a307_yqPSwiEv.wav,29.98900032043457,"Aowa, e no ba hlogo ya gago.  Ka fao, ke skena seo se no re fago seswantšho sa seo se diregago hlogong ya gago.  Re nyaka go tseba ge e ba sekepe sefe goba sefe se phatlogile, goba sekepe sefe goba sefe se thibetšwe.  Na o na le nna, Mohlomphegi?",pedi,intron-MT,/home/azureuser/gabby_data_mls/Intron-Multimodal-Benchmarking/data/,True,"Aowa, e no ba hlogo ya gago.  Ka fao, ke skena seo se no re fago seswantšho sa seo se diregago hlogong ya gago.  Re nyaka go tseba ge e ba sekepe sefe goba sefe se phatlogile, goba sekepe sefe goba sefe se thibetšwe.  Na o na le nna, Mohlomphegi?",Auwa e no ba hohoya ga kha fhau isi ena se o se no ri faungiswa ntshon sa se o se dira go hlogong ya ga rinyaka go tse ba ge ba se kepese fe o ba se se phatlurile go ba se kepese fe o ba se sithibetswe nao na len na mohlomphe
/mnt/multilingual_data/audio/Intron-Multimodal-Benchmarking/data/audio/intron/pedi/8a89c9b8b4b1663811ed04138fc65eea_SZkNDIWt.wav,15.404000282287598,"Sebaki ke eng, Bjale ge a ka tšwela pele go tšea letlapa la TB e tla fola goba e mpe? Thobela! Thobela. ke ngaka ya gago ya poledišano ke araba potšišo ya gago.",pedi,intron-MT,/home/azureuser/gabby_data_mls/Intron-Multimodal-Benchmarking/data/,True,"Sebaki ke eng, Bjale ge a ka tšwela pele go tšea letlapa la TB e tla fola goba e mpe? Thobela! Thobela. ke ngaka ya gago ya poledišano ke araba potšišo ya gago.",Siba kike ene ya lege a katšwala pele go tšwa letlakana TBP e tla fola goba empe tšobela tšobela ke nga ga ya go ya poledishano ke ara ba putišo ya
/mnt/multilingual_data/audio/Intron-Multimodal-Benchmarking/data/audio/intron/pedi/250c46a90fbb0c73d389d38941e49b7d_XVhnBaoo.wav,5.711999893188477,Labake oile alebelela Ka kgonono nomoro ennyane Pele ga gagwe.,pedi,intron-MT,/home/azureuser/gabby_data_mls/Intron-Multimodal-Benchmarking/data/,True,Labake oile alebelela Ka kgonono nomoro ennyane Pele ga gagwe.,La bake uile a lebelela ka gona ono nomoro e nnyane peloga gago
/mnt/multilingual_data/audio/Intron-Multimodal-Benchmarking/data/audio/intron/pedi/5285baa72ce951c3b162d8272ffb61a0_2OTVpWRQ.wav,7.296999931335449,Toro ya Ka ephethagetse go tsebeng gaka gore La Liga ke enngwe ya bo mampudi mo liking lefase Ka bophara.,pedi,intron-MT,/home/azureuser/gabby_data_mls/Intron-Multimodal-Benchmarking/data/,True,Toro ya Ka ephethagetse go tsebeng gaka gore La Liga ke enngwe ya bo mampudi mo liking lefase Ka bophara.,Toroya ka iphetagetsi go tsebeng ga go rala likake enngwe ya bumanipudi mo lekeng le fase ga bophaara
/mnt/multilingual_data/audio/Intron-Multimodal-Benchmarking/data/audio/intron/pedi/ee65a40591ad3b921b6fcf892d07b1dd_YY8oPocm.wav,13.07800006866455,"Ke fetxa go tsebixa ngwana waka WA ngwaga o tee maswi. Ga a sa nyanya le tswele. O tswela pele ka nyanya maswi, efela ke motsebixitxe maswi a mafura a fase kgweding yago feta ",pedi,intron-MT,/home/azureuser/gabby_data_mls/Intron-Multimodal-Benchmarking/data/,True,"Ke fetxa go tsebixa ngwana waka WA ngwaga o tee maswi. Ga a sa nyanya le tswele. O tswela pele ka nyanya maswi, efela ke motsebixitxe maswi a mafura a fase kgweding yago feta ",Ke fecha otsebisha mwana wa ka wa otima zwi gasanyanya letsoele otshwala pele ka go nyanya maswe ifela ke motsebistje maswe a mafura a fha se gweddinga wa ofe
/mnt/multilingual_data/audio/Intron-Multimodal-Benchmarking/data/audio/intron/pedi/01638516ce33e817931c213fc1a5edf6_hUHpO85l.wav,16.684999465942383,"Ke xomixa insulini ye kgweding Txe tshela txa go feta, empa agona bokaone mo swikiring yaka le go HbA1C e godimo go feta 9,ka kgopela thuxang",pedi,intron-MT,/home/azureuser/gabby_data_mls/Intron-Multimodal-Benchmarking/data/,True,"Ke xomixa insulini ye kgweding Txe tshela txa go feta, empa agona bokaone mo swikiring yaka le go HbA1C e godimo go feta 9,ka kgopela thuxang",Ke se miša insulini ye go dintse tsela jaofeta empa a bona bokao ne mso kiri nya ka le go a tlhokwa ditimo go feta se nyaane ka kgopelo thusha
/mnt/multilingual_data/audio/Intron-Multimodal-Benchmarking/data/audio/intron/pedi/0cf5e5d071c072adfce713452829729b_fDh3k3vN.wav,12.23900032043457,Afrika silhoeët beeld deur Natasha Sinegina (CC BY-SA 4.0).,pedi,intron-MT,/home/azureuser/gabby_data_mls/Intron-Multimodal-Benchmarking/data/,True,Afrika silhoeët beeld deur Natasha Sinegina (CC BY-SA 4.0).,Africa Simulodge Cantonment Senegal CCPAISA 4.0
/mnt/multilingual_data/audio/Intron-Multimodal-Benchmarking/data/audio/intron/pedi/43aa9ef2fc072519a1d135e2045b2fc0_maZI9f0Z.wav,17.527000427246094,"Ee, kena le legogo ka tlase ga letlalo letsogong la-ka la kapele la le letona. E bohlko, e ruruga gomma ga e šuthe ka thata. Ke ile ka dira gore e hlahlobje ke Dingaka tše pedi tše difapanego.",pedi,intron-MT,/home/azureuser/gabby_data_mls/Intron-Multimodal-Benchmarking/data/,True,"Ee, kena le legogo ka tlase ga letlalo letsogong la-ka la kapele la le letona. E bohlko, e ruruga gomma ga e šuthe ka thata. Ke ile ka dira gore e hlahlobje ke Dingaka tše pedi tše difapanego.",E gona le lego go katlasega letlalo letsegong laka na ka pele la leletona e bohloko iruruga gomme ga e shutika thata ke ile ka dira gore e hlahlobwe ke dingaka tshepedi cedifapane
/mnt/multilingual_data/audio/Intron-Multimodal-Benchmarking/data/audio/intron/pedi/8f3e85d76560a77f20f288d7dd223a5b_2KzRmDv5.wav,4.576000213623047,"oh ee, ruri.  GO LOKILE.  GO LOKILE",pedi,intron-MT,/home/azureuser/gabby_data_mls/Intron-Multimodal-Benchmarking/data/,True,"oh ee, ruri.  GO LOKILE.  GO LOKILE",oae ru kluti kolati
/mnt/multilingual_data/audio/Intron-Multimodal-Benchmarking/data/audio/intron/pedi/fb484c4014df2391afde7b0beb7bff3e_ywXdQiES.wav,3.5339999198913574,"Mehla ya ka e lokile, aowa",pedi,intron-MT,/home/azureuser/gabby_data_mls/Intron-Multimodal-Benchmarking/data/,True,"Mehla ya ka e lokile, aowa",Me kayaa ilukile aua
/mnt/multilingual_data/audio/Intron-Multimodal-Benchmarking/data/audio/intron/pedi/0a9b064190b60c3b0f72270de10009fd_70CX7DZB.wav,10.256999969482422,Ke quarter Goya go senyane ge ke gema kekwa okare gonale motho yo ang press ago mo godimo ga mafathla,pedi,intron-MT,/home/azureuser/gabby_data_mls/Intron-Multimodal-Benchmarking/data/,True,Ke quarter Goya go senyane ge ke gema kekwa okare gonale motho yo ang press ago mo godimo ga mafathla,Ke kota go ya go senyane gae ke emaki kwa o kare hona le motho a ng presago mogodimoga mafash
/mnt/multilingual_data/audio/Intron-Multimodal-Benchmarking/data/audio/intron/pedi/4ac40d30acda89220c16458b4965eacb_Uo5GlAp0.wav,12.222999572753906,"Go lokile,re tswa re ya laboratoring bjale. Re tlo go tsamaisa go ya laboratoring. Re tla dira teko, morago re tla bona ka diphetho. Go lokile?",pedi,intron-MT,/home/azureuser/gabby_data_mls/Intron-Multimodal-Benchmarking/data/,True,"Go lokile,re tswa re ya laboratoring bjale. Re tlo go tsamaisa go ya laboratoring. Re tla dira teko, morago re tla bona ka diphetho. Go lokile?",Ho lukile re tswarela botarng bya le re tlotsametsa ho ya la botare re tla dira diteko mora ho re tla bona ka dipeto
/mnt/multilingual_data/audio/Intron-Multimodal-Benchmarking/data/audio/intron/pedi/ad7925451b088e39a6c87b4fb063102f_0RBIr0Lo.wav,3.566999912261963,Kitshepa gutlaba tšeo fela?,pedi,intron-MT,/home/azureuser/gabby_data_mls/Intron-Multimodal-Benchmarking/data/,True,Kitshepa gutlaba tšeo fela?,की थे पावला जेउ फेल
/mnt/multilingual_data/audio/Intron-Multimodal-Benchmarking/data/audio/intron/pedi/22fe4e339cc011d16d373d9e8ea70769_X3zlI19l.wav,12.461000442504885,Ke allergic mo PPD le goba le root canal gosasa . PPD ke ingredients  ya mo dye ya miriri eo edirago reaction ,pedi,intron-MT,/home/azureuser/gabby_data_mls/Intron-Multimodal-Benchmarking/data/,True,Ke allergic mo PPD le goba le root canal gosasa . PPD ke ingredients  ya mo dye ya miriri eo edirago reaction ,Ke a le jigmo pPD le go bala route channel go sasa pPD ke ingredient ya mo dai ya miriri e o e dira go reaction
/mnt/multilingual_data/audio/Intron-Multimodal-Benchmarking/data/audio/intron/pedi/db54ab3af3e406fd538af6efc0540dc0_bM8qYKgx.wav,13.592000007629396,"Tonakgolo ya TSA maphelo ya Nigeria,Dr Osagie Ehanire,ore Ka   sontaga Mopresidente Mohammadu Buhari otla senka-senka  gore otshwanela ke go otlollwa ga melawana ye ebeilego Ka baka la Covid-19 mo nageng ya bo bona.",pedi,intron-MT,/home/azureuser/gabby_data_mls/Intron-Multimodal-Benchmarking/data/,True,"Tonakgolo ya TSA maphelo ya Nigeria,Dr Osagie Ehanire,ore Ka   sontaga Mopresidente Mohammadu Buhari otla senka-senka  gore otshwanela ke go otlollwa ga melawana ye ebeilego Ka baka la Covid-19 mo nageng ya bo bona.",Tonagolo ya jamapelo ya Nigeria Dr. Osaghe Aniri o re ka sonta ga mprosedenta Muhammadu Buhari o tasenka seng ga gore o tshwanela go otlolaga melawana ye e be ileo ka bakala COVID-19 boneng ya bona
/mnt/multilingual_data/audio/Intron-Multimodal-Benchmarking/data/audio/intron/pedi/43040bea2274820faafc77c1d0f8e44e_ULo3b8Qj.wav,20.57699966430664,"Moo ba ilego ba swanelwa kego aga gape legata, Gomme ka morago ga go tsoga e le ka kgonthe ke lwa le magetla a go patloga. Go tloga ka nako yeo be e bonagala e le ge go buiwa mo go šiišago. Bjale ke goeletša ka moo ke kwa bohloko ka gona. ",pedi,intron-MT,/home/azureuser/gabby_data_mls/Intron-Multimodal-Benchmarking/data/,True,"Moo ba ilego ba swanelwa kego aga gape legata, Gomme ka morago ga go tsoga e le ka kgonthe ke lwa le magetla a go patloga. Go tloga ka nako yeo be e bonagala e le ge go buiwa mo go šiišago. Bjale ke goeletša ka moo ke kwa bohloko ka gona. ","Mobaileng oa sa nna la ke go aga gape le ga, go mmeka murao ga gotsoa e le ka khonthe ke lwa le mage ka ho phatloga, ho huga kana ka yohoe ebe e bonahala e le ho ho buiwa mo khusišao. Beleke go eletsa ka moo ke kwago ka hona."
/mnt/multilingual_data/audio/Intron-Multimodal-Benchmarking/data/audio/intron/pedi/c0b0e1434da1a99bc569e2ca8798ae86_BAfRWNY4.wav,5.638000011444092,Zenabu tọ́ka sí àwọn ilé tó yí wọn ká.,pedi,intron-MT,/home/azureuser/gabby_data_mls/Intron-Multimodal-Benchmarking/data/,True,Zenabu tọ́ka sí àwọn ilé tó yí wọn ká.,Zenapu o shupile metsi e e logo go bona ka menoa
/mnt/multilingual_data/audio/Intron-Multimodal-Benchmarking/data/audio/intron/pedi/46a9fa22e96a5b84e443778dfe248fc3_6LTcIURt.wav,17.30500030517578,"Dumela, ke nna Justin lobo  moshimane wa mengwaga tse 26 .ke nale ngongorego ya pain mo abdomen ge ke rota le mo errection goba ka nako ya ejaculation.",pedi,intron-MT,/home/azureuser/gabby_data_mls/Intron-Multimodal-Benchmarking/data/,True,"Dumela, ke nna Justin lobo  moshimane wa mengwaga tse 26 .ke nale ngongorego ya pain mo abdomen ge ke rota le mo errection goba ka nako ya ejaculation.",Dumelang ke na Justin Lobo moshimani wa nngwagatse 26 ke nale ngongorego ya pain mo abdomen re ke rota le mo erection goba kana go ya ejaculation
/mnt/multilingual_data/audio/Intron-Multimodal-Benchmarking/data/audio/intron/pedi/d434466c8e1461a363b8229aa648bdbc_iXomgrOT.wav,11.87600040435791,Bjale ka ge gona le histori ya lapa ya bolwetši bja swikiri le bothata bja tšhika leotong gape hle hlokomela swikiri ya gago kudu. BP le profil ya lipid. ,pedi,intron-MT,/home/azureuser/gabby_data_mls/Intron-Multimodal-Benchmarking/data/,True,Bjale ka ge gona le histori ya lapa ya bolwetši bja swikiri le bothata bja tšhika leotong gape hle hlokomela swikiri ya gago kudu. BP le profil ya lipid. ,E ya lekarego na historya ya lapa ya bolwetse vya sukire le botlhataba ya chika le go tlong hapa hele hlokomelatsukire ya gago go ujo bipi le profile ya lephi
/mnt/multilingual_data/audio/Intron-Multimodal-Benchmarking/data/audio/intron/pedi/3a557d61dc363cfcb4ce5a7fab0fae88_tfddGVQY.wav,29.684999465942383,"Bjale di potograme ga mmogo ke tlo fitišetša go PMTCT Ka dipolelo tšaka. Di porograme tšago thibela, boholo, ke di teko le diokobatši tšeo re di fago bo mme go ba thibela go ka fetetša bana le dihlare re e fa batswadi gore ba hlweke le go phela gore ba godiše bana ba bona",pedi,intron-MT,/home/azureuser/gabby_data_mls/Intron-Multimodal-Benchmarking/data/,True,"Bjale di potograme ga mmogo ke tlo fitišetša go PMTCT Ka dipolelo tšaka. Di porograme tšago thibela, boholo, ke di teko le diokobatši tšeo re di fago bo mme go ba thibela go ka fetetša bana le dihlare re e fa batswadi gore ba hlweke le go phela gore ba godiše bana ba bona",Ya le di programme ga mmogo ke tlo fetisetse go phi MTC ka dipulelo tsaka the programme ja go thibela bonolo ke diteko le di diokovatseo re di fago bomme go ba thibela go ka fetetša bana le le hlare re e fa batswadi gore ba hlweke le go phela gore ba godisi bana ba ba
/mnt/multilingual_data/audio/Intron-Multimodal-Benchmarking/data/audio/intron/pedi/b8d14d46992ac37dfd85ecb8e75689fb_WnEYDh08.wav,18.05599975585937,Ke lekga la bobedi re feta ka go lebelela mo mo gogolo mo go kwešago bohloko ka bophelo bjo bobotse bja ga ntate bjo bohlale na esale kgona kholofelo ya go fola? Go ba ke eng seo seka dirwago?,pedi,intron-MT,/home/azureuser/gabby_data_mls/Intron-Multimodal-Benchmarking/data/,True,Ke lekga la bobedi re feta ka go lebelela mo mo gogolo mo go kwešago bohloko ka bophelo bjo bobotse bja ga ntate bjo bohlale na esale kgona kholofelo ya go fola? Go ba ke eng seo seka dirwago?,Ke kakalela bo be dire fetaga go lebelela mmogo gholo mo gokusha go go ka bophelo bobotse ba hang thata ba bohllali na isalengona kholofelo ya go fola go ba ke engse o se ka dirwa go
/mnt/multilingual_data/audio/Intron-Multimodal-Benchmarking/data/audio/intron/pedi/51a93ac9202f3692116012626827a52e_Vf2BYR41.wav,10.95199966430664,"Ke ile matxatxing kgedi e tee. Ke ile ka itherixa go xixinya go tsea traptiki matxatxi a mararo, lege gole bjalo go falala gase gwa ema",pedi,intron-MT,/home/azureuser/gabby_data_mls/Intron-Multimodal-Benchmarking/data/,True,"Ke ile matxatxing kgedi e tee. Ke ile ka itherixa go xixinya go tsea traptiki matxatxi a mararo, lege gole bjalo go falala gase gwa ema",Ke ile ma cha chingwedi e tee ke ile ka iterisa go shishinyego tshea traptiki machachi a mararo le ge go le bialo go falalaga se wa a e
/mnt/multilingual_data/audio/Intron-Multimodal-Benchmarking/data/audio/intron/pedi/e5035d1547b83da3897c7b91e7231474_p4wQMurz.wav,8.583000183105469,"Ba tsamaisa korong enchi ye efelletsago echologela fase,gape rea tseba gore dijo tseo ase TSA boleng ba godimo,adi na phepo.",pedi,intron-MT,/home/azureuser/gabby_data_mls/Intron-Multimodal-Benchmarking/data/,True,"Ba tsamaisa korong enchi ye efelletsago echologela fase,gape rea tseba gore dijo tseo ase TSA boleng ba godimo,adi na phepo.","Ba tsamaishe go rona ennye e feela jawo e tshologala faseng, ba pere a se ba gore di jwetseo a se ja boleng ba godimo a di na phephe"
/mnt/multilingual_data/audio/Intron-Multimodal-Benchmarking/data/audio/intron/pedi/c5d18a70933731bd694c05023096912f_38x5SzxU.wav,4.747000217437744,Ke tshepa gore o phuthologile ka seo.,pedi,intron-MT,/home/azureuser/gabby_data_mls/Intron-Multimodal-Benchmarking/data/,True,Ke tshepa gore o phuthologile ka seo.,Ke itsepa gore o botsologile ka se.
/mnt/multilingual_data/audio/Intron-Multimodal-Benchmarking/data/audio/intron/pedi/d56182493572efb17be15a2952f7a8e1_nu3Stqb9.wav,15.276000022888184,"ge e ba go le bjalo,kalafo ya yona ke efe?ke diteko dife tšeo ke swanetšego go di dira go hlahloba lebaka? ke bile le diente tše 10 tša bithamine B12 pele ga dikgwedi tše pedi.",pedi,intron-MT,/home/azureuser/gabby_data_mls/Intron-Multimodal-Benchmarking/data/,True,"ge e ba go le bjalo,kalafo ya yona ke efe?ke diteko dife tšeo ke swanetšego go di dira go hlahloba lebaka? ke bile le diente tše 10 tša bithamine B12 pele ga dikgwedi tše pedi.","Re iba ho le bialo kalafo ya yona ke efe. Ke ditiko dipitse o ge sone tsoe go di dira go tlhathlobala le baka. Ke bilele di endetse le some tsa vitaminy, mthwa pele ga di gwa di tšipentse."
/mnt/multilingual_data/audio/Intron-Multimodal-Benchmarking/data/audio/intron/pedi/894ad138ed67ab9aedb2ed9e5e5f007a_E2YnnKNw.wav,17.795000076293945,"Ba hudugile morago ga bjale kgweding tše pedi tšao feta, meetsi a tswa sedibeng, a sootho o fihlela go hlongwa senolofatši sa meetsi eupša bjale ke na le ditaba go hwetsa sesepa sa sa go tswa meetsing ke go boleta. 


",pedi,intron-MT,/home/azureuser/gabby_data_mls/Intron-Multimodal-Benchmarking/data/,True,"Ba hudugile morago ga bjale kgweding tše pedi tšao feta, meetsi a tswa sedibeng, a sootho o fihlela go hlongwa senolofatši sa meetsi eupša bjale ke na le ditaba go hwetsa sesepa sa sa go tswa meetsing ke go boleta. 


",Ba go dikgile morao ga ba le kgoding tse pedi tsa go feta mmetse a tshe dipeng a se o to fitelawe gongwa senelo facisameetsi e upjyabele ke na le ditaba go go tsase se pasa go tswa metseng ke go bollete
/mnt/multilingual_data/audio/Intron-Multimodal-Benchmarking/data/audio/intron/pedi/1d03840088655a8fea38b1973b24cc19_OzWh3cH4.wav,15.951000213623049,"Ke go leboga go menagane Zoe, Txe ka moka di jele dika txa anemia, seemo sa hlokega ya haemotlobini goba diseletxe dihwibedu txa  madi. Gomme nyakixixo ya lenaneo etloba ya ka mehla di nakong kamoka",pedi,intron-MT,/home/azureuser/gabby_data_mls/Intron-Multimodal-Benchmarking/data/,True,"Ke go leboga go menagane Zoe, Txe ka moka di jele dika txa anemia, seemo sa hlokega ya haemotlobini goba diseletxe dihwibedu txa  madi. Gomme nyakixixo ya lenaneo etloba ya ka mehla di nakong kamoka",Ke bola go gomena ga nne zoe. Ke ka moga ditsheledika tsa anemia. Se yemo sa tlego ya ha mo tlobini go ba disele tje di gwebedu jwa madi. Go mmenya ke shisho ya lenaneo. E tloba ya ka metla dina kong ka moga.
/mnt/multilingual_data/audio/Intron-Multimodal-Benchmarking/data/audio/intron/pedi/f21037165fca655c3672413d0acdde42_MHoqeJ1w.wav,2.907999992370605,"Aowa, ga ke na bohloko.",pedi,intron-MT,/home/azureuser/gabby_data_mls/Intron-Multimodal-Benchmarking/data/,True,"Aowa, ga ke na bohloko.",Aua! Ha gi na botloko.
/mnt/multilingual_data/audio/Intron-Multimodal-Benchmarking/data/audio/intron/pedi/6eddea01077b57d438ee2e55e028090a_3OveOgBx.wav,17.003999710083008,"Mabapi le  chlorosis ,leka go bea chat Doctor. O seke wate warisha ka dilo tsa sere selo ,dilo ditlo loka .le ka go lebelela botse nako Yao etlago . ",pedi,intron-MT,/home/azureuser/gabby_data_mls/Intron-Multimodal-Benchmarking/data/,True,"Mabapi le  chlorosis ,leka go bea chat Doctor. O seke wate warisha ka dilo tsa sere selo ,dilo ditlo loka .le ka go lebelela botse nako Yao etlago . ",Mabapili cholesterol le ka go be ya tshek doktora o se ge wa tharisha ka dilo tsa o se re selo dilo di tsoluka le ka go lebelela botse nako yeo e tlagile
/mnt/multilingual_data/audio/Intron-Multimodal-Benchmarking/data/audio/intron/pedi/55293ea92a074b39649bfc70e67b4632_B0fefs3G.wav,3.96399998664856,"Ka fao,Mmala wa selo ke ofe?",pedi,intron-MT,/home/azureuser/gabby_data_mls/Intron-Multimodal-Benchmarking/data/,True,"Ka fao,Mmala wa selo ke ofe?",Kafau malawaselo ki o o
/mnt/multilingual_data/audio/Intron-Multimodal-Benchmarking/data/audio/intron/pedi/2c19cbe51f0ce8fd1ad34483eb824b10_TWHyXDDR.wav,7.47100019454956,"""papago ke mang,Tinu""Labake ommotsisitse amo kgohloletse mahlo,""otseba papago ,Tinu?",pedi,intron-MT,/home/azureuser/gabby_data_mls/Intron-Multimodal-Benchmarking/data/,True,"""papago ke mang,Tinu""Labake ommotsisitse amo kgohloletse mahlo,""otseba papago ,Tinu?",Papako ke mang tinwe labake ammotsi sha amogotlhole jimatlo go tseba papao tinu
/mnt/multilingual_data/audio/Intron-Multimodal-Benchmarking/data/audio/intron/pedi/002d989540de47a644cc8a0aed62ffe6_GgaV2xP5.wav,8.628000259399414,"Aowa, ke nyetše/nyetšwe/nyetšwe/nyetšwe/ruri. Go se be le molala wo o phadimago.",pedi,intron-MT,/home/azureuser/gabby_data_mls/Intron-Multimodal-Benchmarking/data/,True,"Aowa, ke nyetše/nyetšwe/nyetšwe/nyetšwe/ruri. Go se be le molala wo o phadimago.","Awu, nginyeci, nginyeci nginyeci rudi o sibili mhlala o uphali mpha"
/mnt/multilingual_data/audio/Intron-Multimodal-Benchmarking/data/audio/intron/pedi/a45cff2f9aad0b02e8c007d6df81c668_5f1jQD4R.wav,8.616999626159668,"Ke be ke ekwa bohloko khurung ya lehlakoreng letona go di kgwedi go ixa go Txe tharo, erema gotloga khurung go ixa leotong",pedi,intron-MT,/home/azureuser/gabby_data_mls/Intron-Multimodal-Benchmarking/data/,True,"Ke be ke ekwa bohloko khurung ya lehlakoreng letona go di kgwedi go ixa go Txe tharo, erema gotloga khurung go ixa leotong",Ke be ke o ka bu tlho kudu ya le haka rong le letona go di gredi go e tshaba i rema go tlha kudu go ya loto
/mnt/multilingual_data/audio/Intron-Multimodal-Benchmarking/data/audio/intron/pedi/7c98a5aecde9d5d9dbf7d891a8a99b15_MgSX8mi7.wav,18.551000595092773,"Gokwa bohloko mo dikgareng go abelaetxa. Lebaka ekaba bohloko bjo bonnyane bja go hlola phetetxo yeo eka felletxago e hlola phixo mo mafahleng yeo e bitxwago pleurisi, oka kgona goe lekola ge Eba e bogale ebile eoketxega ge o goga moya kudu",pedi,intron-MT,/home/azureuser/gabby_data_mls/Intron-Multimodal-Benchmarking/data/,True,"Gokwa bohloko mo dikgareng go abelaetxa. Lebaka ekaba bohloko bjo bonnyane bja go hlola phetetxo yeo eka felletxago e hlola phixo mo mafahleng yeo e bitxwago pleurisi, oka kgona goe lekola ge Eba e bogale ebile eoketxega ge o goga moya kudu",Pako bohloko mo di gareng go abela etsa le ba ka ka bohloko bjoo bunyane bjwa o solapeditjo ye o ikafelle jao e tlola phiso mo mafahleng ye o bitjwa go peloris o ka gona go le kolageba e bogale e bilee e oketjega ge o roga moya kudu
/mnt/multilingual_data/audio/Intron-Multimodal-Benchmarking/data/audio/intron/pedi/468a633ea91a037148a0f913d9c5f562_XpYxTVtS.wav,3.901999950408936,Na o kile wa ba le tshepedišo ya go buša pele,pedi,intron-MT,/home/azureuser/gabby_data_mls/Intron-Multimodal-Benchmarking/data/,True,Na o kile wa ba le tshepedišo ya go buša pele,Na o kile wa ba le thibedisho ya ho hoshap.
/mnt/multilingual_data/audio/Intron-Multimodal-Benchmarking/data/audio/intron/pedi/b7327d27f0e363657e42cc9d80061309_r7CjuKuL.wav,5.235000133514404,VPN e shireletsa gore bo ramahlale ba SA kgona go tsea dilo TSA bohlokwa Ka sellathekeng SA gago.,pedi,intron-MT,/home/azureuser/gabby_data_mls/Intron-Multimodal-Benchmarking/data/,True,VPN e shireletsa gore bo ramahlale ba SA kgona go tsea dilo TSA bohlokwa Ka sellathekeng SA gago.,VPN e sireletseng go re matlhaleba sa gona go jwa dilo tsa botlhokwa ka sebla tekinsa
/mnt/multilingual_data/audio/Intron-Multimodal-Benchmarking/data/audio/intron/pedi/847d52938b9f3586a91c6ace727b1f8d_yIKsMW3v.wav,7.980999946594238,"Ke tlaišwa ke bothata bja bošego. Kgafetšakgafetša ya bošego ke gabedi ka beke, gomme bjale e kgoma bophelo bja-ka bjo bobotse.",pedi,intron-MT,/home/azureuser/gabby_data_mls/Intron-Multimodal-Benchmarking/data/,True,"Ke tlaišwa ke bothata bja bošego. Kgafetšakgafetša ya bošego ke gabedi ka beke, gomme bjale e kgoma bophelo bja-ka bjo bobotse.","Ke tla sheke botlhata ba boshirgo, ghafetse ghafetse ba boshirgo ke gabedi ka beke, go nne bjale e kgoma bophelong ya ka yo bobotsa."
/mnt/multilingual_data/audio/Intron-Multimodal-Benchmarking/data/audio/intron/pedi/5d533cc3b1f297775cd5a2ba30048221_1awipIOZ.wav,12.75100040435791,Gore lebaka leo o tshwenyegilego ka lona bjalo ka ge o bile karolo ya setšo se.  Ana o be o tla nagana ka tsela ya go tshwana ge e ba o be o le setšong sa Us goba sa UK?,pedi,intron-MT,/home/azureuser/gabby_data_mls/Intron-Multimodal-Benchmarking/data/,True,Gore lebaka leo o tshwenyegilego ka lona bjalo ka ge o bile karolo ya setšo se.  Ana o be o tla nagana ka tsela ya go tshwana ge e ba o be o le setšong sa Us goba sa UK?,Go re leba ka leng o tshwenyegile go ka lona bieleke re o bile ka role ya setshoseng ana o be o tlanagana ka tsela ya go tswana ge be o le setshongsa US goba sa UK
/mnt/multilingual_data/audio/Intron-Multimodal-Benchmarking/data/audio/intron/pedi/9d183340c6a3c2035ff953ecaf4f207c_OxT5dmoz.wav,12.91100025177002,Letshwao le le diregile fela mo dikgweding tše 2 tše di fetilego.  Ga ke kgone go sepela thwii goba go dula kesa šišinyege.  Go swana fela lege ke phaphamala go dikologa ka mehla.,pedi,intron-MT,/home/azureuser/gabby_data_mls/Intron-Multimodal-Benchmarking/data/,True,Letshwao le le diregile fela mo dikgweding tše 2 tše di fetilego.  Ga ke kgone go sepela thwii goba go dula kesa šišinyege.  Go swana fela lege ke phaphamala go dikologa ka mehla.,Le tshwayo le le diregile fela di kgoding tse pedi tshe difitllego ga ke kgone go sepela tswi go ba gutlaka sa shekenge go swanafa fela le ge ke phapamala go tokologa ka metla
/mnt/multilingual_data/audio/Intron-Multimodal-Benchmarking/data/audio/intron/pedi/57827c24d44956af6c3b17ade62dd59b_oln7jRnF.wav,5.409999847412109,"Tshohle di lokile. Ke leboga kudu,  Ngaka.",pedi,intron-MT,/home/azureuser/gabby_data_mls/Intron-Multimodal-Benchmarking/data/,True,"Tshohle di lokile. Ke leboga kudu,  Ngaka.",S'ukhle dilukile kiyalewwa kudunga
/mnt/multilingual_data/audio/Intron-Multimodal-Benchmarking/data/audio/intron/pedi/5c027d51ac9bd8d1c2ce7133e0603602_FiQmM2Bp.wav,4.724999904632568,"Ke ka kudu, ke maswabi gokwa tseo.",pedi,intron-MT,/home/azureuser/gabby_data_mls/Intron-Multimodal-Benchmarking/data/,True,"Ke ka kudu, ke maswabi gokwa tseo.",Ki kakudu ke masawai go kwa tseo
