audio_path,duration,text,language,source,root,file_exists,hypothesis
/mnt/multilingual_data/audio/Intron-Multimodal-Benchmarking/data/audio/intron/kinyarwanda/68c40fbe1161d26172e119ba2c59ad78_PWD60zWF.wav,13.4350004196167,Muri icyo gihe umuvuduko wange wari 11.78. umuriro wange ari 97.6.Nsanzwe nkoresha iyi miti mu kugabanya guhangayika. 75mg zoloft,kinyarwanda,intron-MT,/home/azureuser/gabby_data_mls/Intron-Multimodal-Benchmarking/data/,True,muri icyo gihe umuvuduko wanjye wari cumi na rimwe n'icenu mirongo irindwi n'umunani umuriro wanjye arimo mirongo icyenda na karindwi n'ibice bitandatu nsanzwe nkoresha iyi miti mu kugabanya mu guhangayika zorofite ya miri garama mirongo irindwi n'eshanu
/mnt/multilingual_data/audio/Intron-Multimodal-Benchmarking/data/audio/intron/kinyarwanda/4e20b8e55a6cd2424ce497754a67ffc1_WTnkuk76.wav,19.93899917602539,"Imyaka 2 mbere mugihe cyo kuruhuka, i ariko ikirenge cyanjye gito n'amaguru yanjye yavunitse amaguru yanjye yajeho ibiheri bitukura, ariko nta bubabare bwabayeho. iki gishobora kuba iki?",kinyarwanda,intron-MT,/home/azureuser/gabby_data_mls/Intron-Multimodal-Benchmarking/data/,True,iyaka ibiri mbere mu gihe cyo kuruhuka ikirenge cyanjye gito n'amaguru yanjye yaavunitse amaguru yanjye yajeho ibiheri bitukura ariko nta bubabari bwabayeho iki gishobora kuba iki
/mnt/multilingual_data/audio/Intron-Multimodal-Benchmarking/data/audio/intron/kinyarwanda/09ea2ef83bbc9431f90c04f156589868_uFzFJEMD.wav,17.05299949645996,"Mfite impungenge akakanya  zijyanye na bilirubin na urobilinogen, zihora zifite ibipimo bihagaze nabi kubizamini byinkari. Nubwambere mbonye ibisubizo bimeze nkibi.",kinyarwanda,intron-MT,/home/azureuser/gabby_data_mls/Intron-Multimodal-Benchmarking/data/,True,mfite impungenge aka kanya zijyanye na birurubine na yurubirinojene zihora zifite ibipimo bihagaze nabi ku bizamini by'inkare ni ubwa mbere mbonye ibisubizo bimeze nk'ibi
/mnt/multilingual_data/audio/Intron-Multimodal-Benchmarking/data/audio/intron/kinyarwanda/edf78a0719084af4d6ddcf5bf953ae36_TjNAbyeD.wav,26.04199981689453,"Bityo, nk’uko inama nshya zibivuga, ibyo bikwiye kwirindwa. Ushobora kugisha inama muganga wawe kuri ibyo, kugira ngo abashe gukora impinduka zikenewe.",kinyarwanda,intron-MT,/home/azureuser/gabby_data_mls/Intron-Multimodal-Benchmarking/data/,True,bityo nkuko inama nshya zibivuga ibyo bikwiye kwirindwa ushobora kugisha inama muganga wawe kuri ibyo kugira ngo abashe gukora impinduka zikenewe
/mnt/multilingual_data/audio/Intron-Multimodal-Benchmarking/data/audio/intron/kinyarwanda/09ecc87b4bb415a955b50faf936ffba3_3wXhB1A2.wav,10.038999557495115,Mukwa 2 kuyu mwaka nazanye ikibyimba mwibere ryanjye  basanga atari kanseri Gusa muganga yambwiye ko biterwa numusemburo witwa aldactone,kinyarwanda,intron-MT,/home/azureuser/gabby_data_mls/Intron-Multimodal-Benchmarking/data/,True,mu kuwa kabiri k'uyu mwaka nazanye ikibyimba mu ibere ryanjye basanga atari kanseri gusa muganga yambwiye ko biterwa n'umusemburo witwa ardactone
/mnt/multilingual_data/audio/Intron-Multimodal-Benchmarking/data/audio/intron/kinyarwanda/e4161d3b3c2b173f3c1a7e0493a52ec9_uVyC6skS.wav,11.357000350952148,"Ubu umugongo wange umeze nabi kurusha mbere, mbabara buri munsi, mara igihe kinini cy'umunsi wange nicaye nkanunama kugirango ngabanye ububabare. ",kinyarwanda,intron-MT,/home/azureuser/gabby_data_mls/Intron-Multimodal-Benchmarking/data/,True,uwu mugongo wanjye umeze nabi kurusha mbere babara buri munsi mara igihe kinini cy'umunsi wanjye nicaye nka nunama kugira ngo ngabanye ububabaro
/mnt/multilingual_data/audio/Intron-Multimodal-Benchmarking/data/audio/intron/kinyarwanda/9f1712f278654a406a001e8d41494e1e_V9cs2Rlq.wav,14.373000144958496,Hari ibizami bikeneye gukorwa: ibizami by’imikorere y’umwijima: kuko uburwayi bukabije by’imwijima nka Hepatite butera isukari nke mu maraso. ,kinyarwanda,intron-MT,/home/azureuser/gabby_data_mls/Intron-Multimodal-Benchmarking/data/,True,hari ibizami bikeneye gukorwa ibizami by'imikorere y'umwijima kuko uburwayi bukabije bw'umwijima nka hepatite butera isukari nye mu maraso
/mnt/multilingual_data/audio/Intron-Multimodal-Benchmarking/data/audio/intron/kinyarwanda/3d5a59d9ab88c4a6f01f441da00e0691_K94lANfG.wav,21.584999084472656,Nagumye mubitaro mugihe kiri hagati y'iminsi 7-8. ubu ndimo gufata umuti wa Walfarin buri munsi. bansezerera mubitaro igisebe cyari cyarorohewe ariko gucika intege byo byarakomeje mukuboko kwanjye kw'ibumoso.,kinyarwanda,intron-MT,/home/azureuser/gabby_data_mls/Intron-Multimodal-Benchmarking/data/,True,nagumye mu bitaro mu gihe kiri hagati y'iminsi irindwi n'umunani ubu ndimo gufata umuti wa warufarine buri munsi bansezerera mu bitaro igisebe cyari cyarorohewe ariko gucika intege byo byarakomeje mu kuboko kwanjye kw'ibamoso
/mnt/multilingual_data/audio/Intron-Multimodal-Benchmarking/data/audio/intron/kinyarwanda/f5d65d58118eeec4d8604b12936c9ae3_C2aavj4S.wav,8.145000457763672,Naguye mumuhanda icyumweru gishizenone ndumva mbabara kumurundi kandi sincobora nokuhagendesha ndababara cyane,kinyarwanda,intron-MT,/home/azureuser/gabby_data_mls/Intron-Multimodal-Benchmarking/data/,True,naguye mu muhanda icyumweru gishize none ndumva mbabara ku murundi kandi sinshobora no kuhagendesha ndababara cyane
/mnt/multilingual_data/audio/Intron-Multimodal-Benchmarking/data/audio/intron/kinyarwanda/e6d57881243c65f01a3e2e9dc093ed78_wIqQuwjx.wav,15.194000244140623,"Yashoboraga kuvuga kujya ku Bitaro byihutirwa byo hafi. Umugabo wanjye yakuze avuuka cyane mu nda kuva munsi y'ibere kugeza hejuru y'ahakorerwa operasiyo y'igihunga.""",kinyarwanda,intron-MT,/home/azureuser/gabby_data_mls/Intron-Multimodal-Benchmarking/data/,True,yashoboraga kuvuga ati byihuse ajya ku bitaro byo hafi aho umugabo wanjye yagize ikibazo cy'inkovu zitari gukira ziri hafi kunda yaho bamubaze ku mukondo
/mnt/multilingual_data/audio/Intron-Multimodal-Benchmarking/data/audio/intron/kinyarwanda/4cc2f4c6c666f794a4a9932af9410882_gqebbc30.wav,16.990999221801758,Namaze kubona ko iyo mbyutse kare cyane maze nkasubira kuryama nk'igice cy'isaha mbyuka meze gutya. Nanone kandi nariye isukari nyinshi cyane mugihe cy'ikiruhuko.,kinyarwanda,intron-MT,/home/azureuser/gabby_data_mls/Intron-Multimodal-Benchmarking/data/,True,namaze kubona ko iyo mbyutse kare cyane nisubira kuryama nk'igice cy'isaha mbyuka meze gutya nanone kandi nari iyi sukari nyinshi cyane mu gihe cy'ikiruhuko
/mnt/multilingual_data/audio/Intron-Multimodal-Benchmarking/data/audio/intron/kinyarwanda/16add12477cfae8e5828d1372072fce0_G59taSBv.wav,2.5989999771118164,"ByizA, Mu maso hawe hameze neza.",kinyarwanda,intron-MT,/home/azureuser/gabby_data_mls/Intron-Multimodal-Benchmarking/data/,True,byiza mu maso hawe hameze neza
/mnt/multilingual_data/audio/Intron-Multimodal-Benchmarking/data/audio/intron/kinyarwanda/47af090ed712e74949a2dbde43e3b046_bn78Tqk1.wav,21.70199966430664,"ariko wari wafashe ibi nini bine bya corvette, ndumva bihagije kuko ingano yabyo yegera iyibinini bya post-coital. nta mpamvu rero yokongera gukoresha ibinini nyuma yaho inshuro ebyiri.",kinyarwanda,intron-MT,/home/azureuser/gabby_data_mls/Intron-Multimodal-Benchmarking/data/,True,ariko wario wafashe ibinini bine bya koruvete ndumva bihagije kuko ingano yabyo yegera iyoibinini bya posite koitaro nta mpamvu rero yo kongera gukoresha ibinini inyuma yaho inshuro ebyiri
/mnt/multilingual_data/audio/Intron-Multimodal-Benchmarking/data/audio/intron/kinyarwanda/85fd1317bcb1f6fc17b595ecd21a87ec_1dmvjY9d.wav,10.838000297546388,"Ariko kandi nibikomeza kwinjira mu buzima bwawe bwa buri munsi, nzasaba ko bagufata ibipimo by'uko umutima utera  kugira ngo duzume neza ubwoko bw'ibibazo by'umutima ufite.",kinyarwanda,intron-MT,/home/azureuser/gabby_data_mls/Intron-Multimodal-Benchmarking/data/,True,ariko kandi nibikomeza kwinjira mu buzima bwawe bwa buri munsi nzasaba ko bagufata ibipimo by'uko umutima utera kugira ngo dusuzume neza ubwoko bw'ibibazo by'umutima ufite
/mnt/multilingual_data/audio/Intron-Multimodal-Benchmarking/data/audio/intron/kinyarwanda/0a4f85955d66e27d412a9ad7b8c3fee0_oJSdWn1k.wav,8.102999687194824,Mama wange yigeze no kwibaza niba kanseri yarageze ku bwonko kuko atari uwo yari we mbere y' uko bamubaga bwa kabiri.,kinyarwanda,intron-MT,/home/azureuser/gabby_data_mls/Intron-Multimodal-Benchmarking/data/,True,mama wanjye yigeze no kwyobaza niba kanseri yari ageze ku bwonko kuko atari uwo yariwe mbere yuko bamubaga bwa kabiri
/mnt/multilingual_data/audio/Intron-Multimodal-Benchmarking/data/audio/intron/kinyarwanda/a5a3e1fef51dae79c7c24a726c003ba6_lVtEyNU9.wav,12.574000358581545,Hanyuma muganga ampa Duphaston y'iminsi itanu (kabiri ku munsi). Hari mbere y'iminsi 12. Nakomeje kubura imihango. Nakizera ko mwamfasha muganga?,kinyarwanda,intron-MT,/home/azureuser/gabby_data_mls/Intron-Multimodal-Benchmarking/data/,True,hanyuma muganga amadifasitoni y'iminsi itanu ifatwa kabiri ku munsi hari imbere y'iminsi cumi n'ibiri nakomeje kubonnaha ngo nakizera ko mwamfasha muganga
/mnt/multilingual_data/audio/Intron-Multimodal-Benchmarking/data/audio/intron/kinyarwanda/61c55b07425c4fd665fcc331cdf66e28_2OqUCXc7.wav,24.31800079345703,"ari gufata calicium na vitamin d ku ndwara ye y'amagufwa ya osteoporosis, namuhaye udutonyanga duke twavitamin k2 na d3 mu bihe bitatandukanye, ubu afite imyaka 85",kinyarwanda,intron-MT,/home/azureuser/gabby_data_mls/Intron-Multimodal-Benchmarking/data/,True,ari gufata karisiyumu na vitamine de ku ndwara ye y'amagufwa ya ositewoporozisi namuhaye udutonyanga duke twa vitamine k kabiri na de gatatu mu bihe bitandukanye ubu afite imyaka mirongo inani n'itanu y'amavu
/mnt/multilingual_data/audio/Intron-Multimodal-Benchmarking/data/audio/intron/kinyarwanda/fbd72996518523d9cbf14666801490f8_AiOgnkpJ.wav,10.835000038146973,"Najyiye ahantu ho kuruhukira, n'uko mara iminsi igera kuri itatu ku mucanga, izuba riranyica none uruhu rwanjye ubu ruri gusa umukara cyane.",kinyarwanda,intron-MT,/home/azureuser/gabby_data_mls/Intron-Multimodal-Benchmarking/data/,True,nagiye ahantu ho kuruhukira nuko mara iminsi igera kuri itatu ku mucanga izuba riranyica none uruhu rwanjye ubururi gusa umukara cyane
/mnt/multilingual_data/audio/Intron-Multimodal-Benchmarking/data/audio/intron/kinyarwanda/f00a232babf55c0f79e4d541e424898c_uAMu2whp.wav,20.67200088500977,"Guhinga inkari bishobora gufata iminsi mikeya. Ubwo ibisubizo byaboneka uyu munsi ni nk'iby'amaraso, gupima inkari, no gusikana munda no mu mayunguyungu. Ubwo kubijyanye n'ibisubizo by'inkari zawe tuzaba twahinze wazagaruka mu minsi mikeya iri imbere.",kinyarwanda,intron-MT,/home/azureuser/gabby_data_mls/Intron-Multimodal-Benchmarking/data/,True,guhinga inkari bishobora gufata iminsi mikeya ubwo ibisubizo byaboneka uyu munsi nimuiby'amaraso gupima inkari no gusigana mu nda no mu mayunguyungu kuko ku bijyanye n'ibisubizo by'inkari zawe tuzaba twahinze wazagaruka mu minsi mikeya iri imbere
/mnt/multilingual_data/audio/Intron-Multimodal-Benchmarking/data/audio/intron/kinyarwanda/6d0ff9f0ec315b0d6e20d1efc1a77e51_glGLbDx2.wav,12.847000122070312,Umwana wanjye afite imyaka 3namezi 3  afite ikibazo cyoguhuza ibintu namujyanye ku muganga waba bana ambwira ko ntakibazo ari ukubera aleriji ubundi ara mu nebuliza,kinyarwanda,intron-MT,/home/azureuser/gabby_data_mls/Intron-Multimodal-Benchmarking/data/,True,umwana wanjye afite imyaka itatu n'amezi atatu afite ikibazo cyo guhuza ibintu namujyanye ku muganga w'abana ambwira ko nta kibazo ari ukubera arerishe ubundi aramunebiriza
/mnt/multilingual_data/audio/Intron-Multimodal-Benchmarking/data/audio/intron/kinyarwanda/1d176af9e65e1542cec6b00a4aa56094_0x5ixIJT.wav,10.625,Sinigeze mbona muganga kubera ko ubukonje bwo mu icyi bwaribwakwirakwiye. kandi mu mubyukuri sinabifashe nabi. Ikindi gitekerezo?,kinyarwanda,intron-MT,/home/azureuser/gabby_data_mls/Intron-Multimodal-Benchmarking/data/,True,sinigeze mbona muganga kubera ubukonje bwo muki bw ari bwakwirakwiye kandi mu by'ukuri sinabifashe nabi ikindi gitekerezo
/mnt/multilingual_data/audio/Intron-Multimodal-Benchmarking/data/audio/intron/kinyarwanda/72f6edd1198051df3c6ee2181ccf6b81_zLrQy4yL.wav,25.34499931335449,"Muraho, bigaragara ko ibi byaba biterwa n'ihungabana na palpitation, ariko tugomba gukuraho amahirwe y'ibibazo by'umutima nka PSV cyangwa atrial fibrillation, aho umuvuduko w'umutima wiyongera mu buryo butunguranye kandi ukagabanuka mu buryo butunguranye.",kinyarwanda,intron-MT,/home/azureuser/gabby_data_mls/Intron-Multimodal-Benchmarking/data/,True,muri aho bigaragara ko ibi byaba biterwa n'ihungabana na parupitationi ariko tugomba gukuraho amahirwe y'ibibazo by'umutima nka pesivi cyangwa atriofibrirationi aho umuvuduko w'umutima wiyongera mu buryo butunguranye kandi ukagabanuka mu buryo butunguranye
/mnt/multilingual_data/audio/Intron-Multimodal-Benchmarking/data/audio/intron/kinyarwanda/789ec9ec1641896994d6d5d9ab5fc066_i6uwz8Ni.wav,12.17099952697754,"Ariko wanereba muganga wawe ukana muvugisha kubyo gukora. Inama yoroshye ni ukwirinda guhangayika. Ntubabare, wititeho.",kinyarwanda,intron-MT,/home/azureuser/gabby_data_mls/Intron-Multimodal-Benchmarking/data/,True,ariko wareba muganga wawe ukanamuvugisha ku byo gukora inama yoroshye ni ukwirinda guhangayika n'ubabare wiyitewe
/mnt/multilingual_data/audio/Intron-Multimodal-Benchmarking/data/audio/intron/kinyarwanda/dc55e289315d092ecf77e786bde30304_6aJViYD1.wav,3.8320000171661377,Yego ndabyumva ni igihe kirekire cyane.,kinyarwanda,intron-MT,/home/azureuser/gabby_data_mls/Intron-Multimodal-Benchmarking/data/,True,yego ndabyumva ni igihe kirekire cyane
/mnt/multilingual_data/audio/Intron-Multimodal-Benchmarking/data/audio/intron/kinyarwanda/bb02ff7b4307c688890747e4ccb23747_ownOdCjW.wav,16.233999252319336,Nahise nandikirwa imiti irimo URSOCOL 150 mg hamwe na Liv52 DS kabiri kumunsi kandi nsabwa kwipimisha amaraso buri byumweru 2.,kinyarwanda,intron-MT,/home/azureuser/gabby_data_mls/Intron-Multimodal-Benchmarking/data/,True,nahise nandikirwa imiti irimo yurisokoro miri garamu ijana na mirongo itanu hamwe na riva mirongo itanu na kabiri diyesi kabiri ku munsi kandi nsabwa kwipimisha amaraso buri by'umweru bibiri
/mnt/multilingual_data/audio/Intron-Multimodal-Benchmarking/data/audio/intron/kinyarwanda/76de3e86a4d9e46f078909a8d5381cc3_QZnwcuDU.wav,22.39699935913086,"Niba byagaragaye hakiri kare, kubaga ni kuvura guhitamo. Na chimiotherapique ya sisitemu nyuma yo kubaga irakenewe kubwimpamvu ebyiri. 1. kurinda gusubiramo 2. kurinda urwego rwa kure rukwirakwira",kinyarwanda,intron-MT,/home/azureuser/gabby_data_mls/Intron-Multimodal-Benchmarking/data/,True,niba byagaragaye hakiri kare kubaga ni kuvura guhitamo na shimiyoterapike ya sisitemu nyuma yo kubaga irakenewa kubw'impamvu ebyiri iya mbere kurinda gusubiramo iya kabiri kurinda urwego rwa kure rukwirakwira
/mnt/multilingual_data/audio/Intron-Multimodal-Benchmarking/data/audio/intron/kinyarwanda/3cbb5f34d3782acee528d073eecd4df6_w4oWQDX9.wav,11.428999900817873,"Ariko ntibiguhangayikishe kuko nta muriro, sibyo? Yaba afite ikihe kibazo? Musubize kwa dogiteri? Amaraso aratembera neza? Mbaye mbashimiye.",kinyarwanda,intron-MT,/home/azureuser/gabby_data_mls/Intron-Multimodal-Benchmarking/data/,True,ariko ntibiguhangayikishe kuko nta muriro si byo yaba afite ikihe kibazo musubize kwa dogiteri amaraso aratembera neza ahemba ashimiye
/mnt/multilingual_data/audio/Intron-Multimodal-Benchmarking/data/audio/intron/kinyarwanda/77d6969a9324c852aeb88da8f1f22d30_A6JoDcmX.wav,10.925000190734863,Ururimi rwange rusigaye rumeze nk'urwahiye/ari rubisi noneho hari igihe nk'uyu munsi mba numva wagirango ubushye bwafashe ku menyo amwe namwe,kinyarwanda,intron-MT,/home/azureuser/gabby_data_mls/Intron-Multimodal-Benchmarking/data/,True,ururimi rwanjye rusigaye rumeze nk'urwahiye cyangwa ari rubise noneho hari igihe nk'uyu munsi uba numva wagira ngo ubushye bwafashe ku menyo amwe namwe
/mnt/multilingual_data/audio/Intron-Multimodal-Benchmarking/data/audio/intron/kinyarwanda/52fabb0e993340bc501aa37ccd839cf4_gWK1g3KU.wav,19.57699966430664,"ubusobanuro: ntutikinisha/usambane/urangize nonaha nubutaha, ubushobozi bwawe buziyongera kandi kurangiza kwawe kuzakuryohera cyangwa mugihe uryamye.",kinyarwanda,intron-MT,/home/azureuser/gabby_data_mls/Intron-Multimodal-Benchmarking/data/,True,ubusobanuro nutikinisha usambane urangize non aha n'ubutaha ubushobozi bwawe buziyongera kandi kurangiza kwawe kuzakuryohera cyangwa mu gihe uryamye
/mnt/multilingual_data/audio/Intron-Multimodal-Benchmarking/data/audio/intron/kinyarwanda/00892a9783131470a8aaf4da41ade03e_zD83r1ui.wav,6.76800012588501,Wambwira icyo cyateye iki kibazo? Ni umuhanga ki nakagombye kugisha inama muri umujyi wanjye?,kinyarwanda,intron-MT,/home/azureuser/gabby_data_mls/Intron-Multimodal-Benchmarking/data/,True,wambwira icyo cyateye iki kibazo ni umuhanga aki nago agombye kugisha inama muri uyu mujyi wanjye
/mnt/multilingual_data/audio/Intron-Multimodal-Benchmarking/data/audio/intron/kinyarwanda/7d7593e5533c6aeb167617caa34f5e37_orHOy1Co.wav,11.473999977111816,"Ufite umwana ugira ibibazo byo mumutwe iyo atandukanye nabantu.uyumwana nuwawe,urumwarimu we ,uri muganga we cyangwa uri mukase .kuki uyu mwana ahorana ibibazo",kinyarwanda,intron-MT,/home/azureuser/gabby_data_mls/Intron-Multimodal-Benchmarking/data/,True,ufite umwana ugira ibibazo byo mu mutwe iyo atandukanye n'abantu uyu mwana n' uwawe uri umwarimu we uri muganga we cyangwa uri mukazi kuki uyu mwana ahorana ibibazo
/mnt/multilingual_data/audio/Intron-Multimodal-Benchmarking/data/audio/intron/kinyarwanda/83a3cff35cd7d4d5192556fe81c58340_k4kdR0JM.wav,12.88700008392334,Natangiye umwaka ushize mu kwa gatandatu n' umuvuduko w'amaraso wanjye ntuhinduka. Kandi mfite n'ikibazo cy' ibinure ku gipimo cya 260 LDL.,kinyarwanda,intron-MT,/home/azureuser/gabby_data_mls/Intron-Multimodal-Benchmarking/data/,True,natangiye umwaka ushize mu kwa gatandatu n'umuvuduko w'amaraso wanjye ntuhinduka kandi mfite n'ikibazo cy'ibinure ku gipimo cya magana abiri na mirongo itandatu rdr
/mnt/multilingual_data/audio/Intron-Multimodal-Benchmarking/data/audio/intron/kinyarwanda/9cc8a6ab847b66808a80299c60fb033d_o8e05F9c.wav,12.571999549865724,"Nta kibi kiboneka mu kwikinisha, ariko nk'ibindi bikorwa byose, bishobora kuba byangiza igihe bikoreshwa mu buryo budakwiye nk'igikoresho cyo kugabanya uburibwe mu rwego rwo kwirinda kumva amarangamutima.",kinyarwanda,intron-MT,/home/azureuser/gabby_data_mls/Intron-Multimodal-Benchmarking/data/,True,nta kintu kibi kiboneka mu kwikinisha ariko nk'ibindi bikoresho byose bishobora kuba byangiza igihe bikoreshwa mu buryo budakwiye nk'igikoresho cyo kugabanya uburibwe mu rwego rwo kwirinda kumva amarangamutima
/mnt/multilingual_data/audio/Intron-Multimodal-Benchmarking/data/audio/intron/kinyarwanda/0fe51637b97c8bc006c67eb1727192fc_ZerJ1pDr.wav,9.5649995803833,Wakoze kundeba hashize ibyumweru 8 ndwaye abavuzi bambwiye ko ndwaye agakoko kwita streptoccocus kanduje umubiri wose,kinyarwanda,intron-MT,/home/azureuser/gabby_data_mls/Intron-Multimodal-Benchmarking/data/,True,uwakoze ku ndeba hashize iby'umweru munan' indwayi abavuzi bambwiye ko ndwayi agakoko kitwa sitreptocokasi kanduje umubiri wose
/mnt/multilingual_data/audio/Intron-Multimodal-Benchmarking/data/audio/intron/kinyarwanda/009f5d3a9a6da1d6743f49d4900167d1_fNbyVkcA.wav,17.816999435424805,"biratekanye kuba wasama mugihe wivuza ukoresheje ubu buryo, arko ugomba kwitonda kuko umunaniro kumugongo w'imbere ushobora kongera ububabare bawe.",kinyarwanda,intron-MT,/home/azureuser/gabby_data_mls/Intron-Multimodal-Benchmarking/data/,True,biratekanye kuba wasama mu gihe wivuza ukoresheje ubu buryo ariko ugomba kwitonda kuko umunaniro ku mugongo w'imbere ushobora kongera ububabare bwawe
/mnt/multilingual_data/audio/Intron-Multimodal-Benchmarking/data/audio/intron/kinyarwanda/08f2867b4aafc94cc04f44571467ae7e_SOfwZXuF.wav,8.027999877929688,Ese ni areriji? Aranahangayitse akanasura cyane... Kandi biramubabaza. Murakoze cyane! ,kinyarwanda,intron-MT,/home/azureuser/gabby_data_mls/Intron-Multimodal-Benchmarking/data/,True,ese na regishi aranahangayitse akanasura cyane kandi uramubabaza murakoze cyane
/mnt/multilingual_data/audio/Intron-Multimodal-Benchmarking/data/audio/intron/kinyarwanda/5431dbb10f62f067c1d707f8da908551_cyi4Ddne.wav,5.810999870300293,Oya. Ntabwo nywa inzoga. Ntabwo nywa itabi.,kinyarwanda,intron-MT,/home/azureuser/gabby_data_mls/Intron-Multimodal-Benchmarking/data/,True,oya ntabwo nywa inzoga ntabwo nywa itabi
/mnt/multilingual_data/audio/Intron-Multimodal-Benchmarking/data/audio/intron/kinyarwanda/35be2106c1dd61fd409bc89e64733515_E08C4zVz.wav,24.065000534057617,Sinigeze mbona ibintu nkibi. ndacyafite umuriro. Kubabara igifu. narutse mu ri iki gitondo. navuye  ku muganga uyumunsi. Banteye izindi nshinge 2 bampa numuti wo kwisiga kubera ikibazo cy'isesemi.,kinyarwanda,intron-MT,/home/azureuser/gabby_data_mls/Intron-Multimodal-Benchmarking/data/,True,sinigeze mbona ibintu nk'ibi ndacyafite umuriro kubabara igifu narutse muri iki gitondo navuye ku muganga uyu munsi banteye izindi nshinge ebyiri bama n'umuti wo kwisiga kubera ikibazo cy'iseseme
/mnt/multilingual_data/audio/Intron-Multimodal-Benchmarking/data/audio/intron/kinyarwanda/8dac5e6348e5a79b3c56d3753089cccf_M5IPOXlK.wav,15.361000061035156,"Um nkunda gukina n'incuti zange, nkunda gukina imikino ya video. ooh byiza. none nuwuhe mukino ukunda gukina? ndi gukina uwitwa rollercoaster tycoon. oh byiza, ndumva umeze nkaho ari mwiza.",kinyarwanda,intron-MT,/home/azureuser/gabby_data_mls/Intron-Multimodal-Benchmarking/data/,True,nkunda gukinaa n'inshuti zanjye nkunda gukina imikino ya videwo o byiza none n'uwuhe mukina ukunda gukina ndi gukina uwitwa rora kose atayikunde o byiza ndumva umeze nkaho ari mwiza
/mnt/multilingual_data/audio/Intron-Multimodal-Benchmarking/data/audio/intron/kinyarwanda/9659e8efa931d07a4bb533a49d386641_f5YWUAKj.wav,19.738000869750977,Kubyimba biterwa no gufungwa ko gutemba kw'imigarura mu gihe gutemba kw'imijyana ko gukomeza. Umuti rukumbi ni uguhagarika kubusanya amaguru yawe. Iyiteho. Nizere ko nasubije ikibazo cyawe.,kinyarwanda,intron-MT,/home/azureuser/gabby_data_mls/Intron-Multimodal-Benchmarking/data/,True,kubyimba biterwa no gufungwa ko gutemba kw'imigarura mu gihe gutemba kw'imijyana ko gukomeza umuti rukumbi ni uguhagarika kubusanyaamaguru yawe iyiteho nizere ko nasubije ikibazo cyawe
/mnt/multilingual_data/audio/Intron-Multimodal-Benchmarking/data/audio/intron/kinyarwanda/3de0019bf42f30fc01abb5ea322aaaa7_d9g7eYTU.wav,25.840999603271484,"ndangiza vuba cyane ( ubusanzwe ni nyuma yiminota ibiri nayinjijemo) noneho nyuma yo 

kurangiza ntago numva nshaka gukora indi imibonano mpuzabitsina mu masaha menshi akurikira. ",kinyarwanda,intron-MT,/home/azureuser/gabby_data_mls/Intron-Multimodal-Benchmarking/data/,True,ndangiza vuba cyane agakubo gafungura ubusanzwe ni inyuma y'iminota ibiri nayinjijemo agakubo gafunga noneho nyuma yo kurangiza ntabwo numva nshaka gukora indi mibonano mpuzabitsina mu masaha menshi cyane akurikira
/mnt/multilingual_data/audio/Intron-Multimodal-Benchmarking/data/audio/intron/kinyarwanda/a2d5311afa8c41f3bf3079af95220f27_jE9OrICK.wav,11.128000259399414,"uburyo bwo gukoresha bushobora kuba kimwe, gusa uyisukure kandi niba virus izavaho yonyine?ese hari akaga karimo? murakoze",kinyarwanda,intron-MT,/home/azureuser/gabby_data_mls/Intron-Multimodal-Benchmarking/data/,True,uburyo bwo gukoresha bushobora ukuba kinwe gusa yisukure kandi na porositavaho yonyine isara kaagakarimo umurakose
/mnt/multilingual_data/audio/Intron-Multimodal-Benchmarking/data/audio/intron/kinyarwanda/84b983e612d3572bb06ecdd26c40f3a4_nnnOifDK.wav,15.699999809265137,Nanone ngira ikibazo cy'impatwe (njya mu bwiherero inshuro 3 mu cyumweru) ndetse akenshi ngomba kwikanira cyane mu gihe ndi mu bwiherero.,kinyarwanda,intron-MT,/home/azureuser/gabby_data_mls/Intron-Multimodal-Benchmarking/data/,True,nanone ngira ikibazo cy'impatwe agakobo gafunguye njya mu bwiherero inshuro eshatu mu cyumweru agakobo gafunze ndetse akenshi ngomba kwikanira cyane mu gihe ndi mu bwiherero
/mnt/multilingual_data/audio/Intron-Multimodal-Benchmarking/data/audio/intron/kinyarwanda/0dd2e645c7f3cc52c5ee471638bfcab5_5BknwDyj.wav,13.803000450134276,Mfite imyaka cumi n'itanu y'amavuko. mfite uburebure bwa inci 5'5 ndetse n' ibipimo by'ibiro ni 117lbs . mama wange basanze arwaye ihungabana ndetse na papa wange ni umunywanzoga.,kinyarwanda,intron-MT,/home/azureuser/gabby_data_mls/Intron-Multimodal-Benchmarking/data/,True,mfite imyaka cumi n'itanu y'amavuko mfite uburebure bwa nyinshi eshanu n'ibice bitanu ndetse n'ibipimo by'ibiro ni ijana na cumi na birindwi mama wanjye basanze arwaye ihungabana ndetse na papa wanjye ni umunywanzoga
/mnt/multilingual_data/audio/Intron-Multimodal-Benchmarking/data/audio/intron/kinyarwanda/9bd9c7a3a01c8f2b59c48293cc841fc6_l3kBY5N1.wav,9.18000030517578,"Muraho, mubyumweru byinshi noneho ubu ndumva naniwe ariko kuva muntangiriro zicyumweru gishize buri gihe ndya nkurwaye mfite kuba ndwaye",kinyarwanda,intron-MT,/home/azureuser/gabby_data_mls/Intron-Multimodal-Benchmarking/data/,True,muri aho mu byumweru byinshi noneho ubu ndumva naniye ariko kuva mu ntangiro z'icyumweru gishize buri gihe njiye nk'uurwayi ufite kuba ndwayi
/mnt/multilingual_data/audio/Intron-Multimodal-Benchmarking/data/audio/intron/kinyarwanda/be00ab9196f86dc6d38e2a00b09d5d1d_NhI9aGHz.wav,14.781000137329102,"Sigeze yemwe, sinigeze, sinarindi no gutekereza kuri ibyo. Yego, nararutse, natekereje kabiri ejo hashize. Ocye, wigeze ubona amaraso mubirutsi?",kinyarwanda,intron-MT,/home/azureuser/gabby_data_mls/Intron-Multimodal-Benchmarking/data/,True,sinigeze yemwe sinigeze sinari ndi no gutekereza kuri ibyo yego ararutse natekereje kabiri ejo hashize oke wigeze ubona amaraso mubirutsi
/mnt/multilingual_data/audio/Intron-Multimodal-Benchmarking/data/audio/intron/kinyarwanda/4be63aeb2320420c564b070503029010_BbZfJJ2y.wav,7.979000091552734,Ndabizi ko wanyuze muri byinshi kandi uri kubinyuramo gitwari. Tuza kandi uge kwisuzumisha kwa muganga w'indwara zo mu mutwe.,kinyarwanda,intron-MT,/home/azureuser/gabby_data_mls/Intron-Multimodal-Benchmarking/data/,True,ndabizi ko wanyuze muri byinshi kandi uri kubinyuramo gitwari tuza kandi ujye kwisuzumisha kwa muganga weindwara zo mu moti
/mnt/multilingual_data/audio/Intron-Multimodal-Benchmarking/data/audio/intron/kinyarwanda/90a3cb2cc0f9f07bfbc82cc80339a44d_MuFLAJ31.wav,10.031999588012695,ngendeye kuri biriya kwirabura kwange biri gukira gusa inkovu ziracyahari. nahuye kandi n'ibibazo bitandukanye nko gutukura no kuribwa mu isura.,kinyarwanda,intron-MT,/home/azureuser/gabby_data_mls/Intron-Multimodal-Benchmarking/data/,True,ngendeye kuri biriya kwirabura kwanjye biri gukira gusa inkuvu zo ziracyahari nahuye kandi n'ibibazo bitandukanye nko gutukura no kuribwa mu isura
/mnt/multilingual_data/audio/Intron-Multimodal-Benchmarking/data/audio/intron/kinyarwanda/b163df0c641f00e3635f4aaae0415e0e_e5CvqaNr.wav,19.697999954223636,"umukobwa wange ari gukorora, kwitsamura , nta muriro kandi ahumeka insigane. yari yaragiye kwoga muri piscine. rimwe na rimwe aritsamura cyane iyo avuye koga. ese nakora iki?",kinyarwanda,intron-MT,/home/azureuser/gabby_data_mls/Intron-Multimodal-Benchmarking/data/,True,umukobwa wanjye ari gukorora aritsamura nta muriro afite kandi ahumeka insigane yari yaragiye koga muri pisine rimwe na rimwe aritsamura cyane iyo avuye koga ese nakora iki
/mnt/multilingual_data/audio/Intron-Multimodal-Benchmarking/data/audio/intron/kinyarwanda/53ae1b1ebe0469d53a06d537b1d14e0e_Q0Cgpuj1.wav,10.883999824523926,Nigeze kubirwaraho mbere nuko muganga wanjye ampa amavuta yo gusigaho. Uku kugaruka byarangiye mbereho umunsi wo kwiruka. Igitekerezo kumpamvu bikomeza kugaruka? ,kinyarwanda,intron-MT,/home/azureuser/gabby_data_mls/Intron-Multimodal-Benchmarking/data/,True,nigeze kubirwaraho mbere ni uko muganga wanjye ama amavuta yo gusigaho uko kugaruka byatangiye imbere ho umunsi wo kwiruka igitekerezo ku mpamvu bikomeza kugaruka
/mnt/multilingual_data/audio/Intron-Multimodal-Benchmarking/data/audio/intron/kinyarwanda/e851034bb8ae26a4b6d4508458572db3_zHoaTON3.wav,19.88999938964844,Nzareba muganga wanjye ariko batekerezako ndi umusazi kuko igihe cyose mba mfite ikibazo ariko ndibijeje ntabwo mba ndi kwigirisha ibimenyetso.,kinyarwanda,intron-MT,/home/azureuser/gabby_data_mls/Intron-Multimodal-Benchmarking/data/,True,nzareba muganga wanjye ariko batekereza ko ndi umusazi kuko igihe cyose bafite ikibazo ariko ndabijeje ntabwo mbwa ndi kwigirisha ibimenyetso
/mnt/multilingual_data/audio/Intron-Multimodal-Benchmarking/data/audio/intron/kinyarwanda/cf833aba1f568dff7a852c129a6acfc4_LNxTwcXc.wav,11.53499984741211,"Mwiriweho, Nakoze imibonano mpuzabitsina mu minsi itatu ishize mfata ikinini cya nyuma y'umunsi, ku munsi wa nyuma yaho.",kinyarwanda,intron-MT,/home/azureuser/gabby_data_mls/Intron-Multimodal-Benchmarking/data/,True,mwiriweho nakoze imibonano mpuzabitsina mu minsi itatu ishize mfata ikinini cya nyuma y'umunsi ku munsi wa nyuma yaho
/mnt/multilingual_data/audio/Intron-Multimodal-Benchmarking/data/audio/intron/kinyarwanda/fc61777f0dfec7b2211cafe1957e372d_2Lzmfq2c.wav,22.395000457763672,mpora ndibwa mugifu ndetse no munda gusa bikomeje gukira ndetse numugongo kuva banshyize kuri dikorofenake sodiyumu 75mg kabiri kumunsi.,kinyarwanda,intron-MT,/home/azureuser/gabby_data_mls/Intron-Multimodal-Benchmarking/data/,True,mpora ndibwa mu gifu ndetse no mu nda gusa bikomeje gukira ndetse n'umugongo kuva banshyize kuri dikrofenake sodiyumu amagarama mirongo irindwi n'atanu kabiri ku munsi
/mnt/multilingual_data/audio/Intron-Multimodal-Benchmarking/data/audio/intron/kinyarwanda/c25a7da68a2347d5a1381c2598d482d6_0wRDp3dl.wav,11.739999771118164,"Tuzirikanye amasaha 24 intanga ngore imara ndetse n'amasaha 72 intanga ngabo iba ikibasha gukora, igihe kingana n'icyumweru mbere na nyuma Yuko intanga ngore irekuwe ni igihe cy'uburumbuke.",kinyarwanda,intron-MT,/home/azureuser/gabby_data_mls/Intron-Multimodal-Benchmarking/data/,True,tuzirikanye amasaha makumyabiri nani n'intangangore imara ndetse n'amasaha mirongo irindwi n'abiri intangangabo iba icyo ibasha gukora igihe kinga ni' icyumweru imbere na nyuma yoko intangangore irekuwe ni igihe cy'uburiumbuke
/mnt/multilingual_data/audio/Intron-Multimodal-Benchmarking/data/audio/intron/kinyarwanda/5a8b79e1ac1f656f671acb8ac66c3461_DfY0rEQk.wav,15.484999656677246,Abarwayi bamwe ntabwo bashaka gutegereza biriya bikorwa kugirango babone ibisubizo ahubwo bishakira imiti. Nabandikiye amagarama 12.5 bya paroxetine mwijoro Kandi bameze neza.,kinyarwanda,intron-MT,/home/azureuser/gabby_data_mls/Intron-Multimodal-Benchmarking/data/,True,abarwayi bamwe ntabwo bashaka gutegereza biriyabikorwa kugira ngo babone ibisubizo ahubwo bishakira imiti nabandikiye amagarama cumi n'abiri n'ibice bitanu bya parogizetine mu ijoro kandi bameze neza
/mnt/multilingual_data/audio/Intron-Multimodal-Benchmarking/data/audio/intron/kinyarwanda/77662e1ce254b2eb12b63862181a8bbe_eyl26sUt.wav,13.12600040435791,Umuhungu wanjye yahinduriwe impyiko 2002 kandi byose byari byiza.  Yagiye kwa muganga wibanze ategekwa Bactrim kuburwayi bw'ikirenge,kinyarwanda,intron-MT,/home/azureuser/gabby_data_mls/Intron-Multimodal-Benchmarking/data/,True,umuhungu wanjye yahinduriwe ibyiko bibiri na kabiri kandi byose byari byiza yagiye kwa muganga w'ibanze ategekwa bagsimu kuurwayi rw'ikirenge
/mnt/multilingual_data/audio/Intron-Multimodal-Benchmarking/data/audio/intron/kinyarwanda/dabca667ed52ebc48b528c4a91acd6dc_QFs1uUNO.wav,37.49300003051758,"Ariko , Reba muganga w’inzobere mu indwara z’uruhu kugirango indwara yanyayo imenyekane unavurwe neza. Hari utunu dutera ama allergies tumwe na tumwe tutera indwara nk’isabume, amafu akoresha mu gukora usuku, imibavu, umukundugu wo munzu, udusimba tuba mu biryamiro, ufu iba mu indabo, imyenda.",kinyarwanda,intron-MT,/home/azureuser/gabby_data_mls/Intron-Multimodal-Benchmarking/data/,True,ariko reba muganga w'inzobere mu ndwara z'uruhu kugira ngo indwara ya nyayo imenyekane unavurwe neza hari utuntu dutera amarebiji tumwe na tumwe dutere indwara nk'isabune amafu akoreshwa mu gukora isuku imibavu umukungugu wo mu nzu udusimba tuba mu biryamiro iba mu ndabo n'imyenda
/mnt/multilingual_data/audio/Intron-Multimodal-Benchmarking/data/audio/intron/kinyarwanda/b91f3964f74e893ecdc858c2f14ef8ab_hBaTTxyi.wav,9.536999702453612,"kureba umuganga w' urugano rw'inkari ni byiza, ntabwo ari ukubera ko ndiwe ahubwo nukuberako aritwe dushobora kukubaga iyo ari ngombwa.",kinyarwanda,intron-MT,/home/azureuser/gabby_data_mls/Intron-Multimodal-Benchmarking/data/,True,kureba umuganga w'urungano rw'inkari ni byiza ntabwo ari ukubera ko ndi we ahubwo ni ukubera ko ari twe dushobora kukubaga iyo ari ngombwa
/mnt/multilingual_data/audio/Intron-Multimodal-Benchmarking/data/audio/intron/kinyarwanda/e2c391132623a59b37e0352cf2071563_lO0v4CAI.wav,13.550000190734863,Batubwiye guca mucyuma cyo munda  noneho icyo cyuma cyabonye akabyimba kangana ba 5.1 kuri 2.4 mm mugice cyo hagati cya prostate ,kinyarwanda,intron-MT,/home/azureuser/gabby_data_mls/Intron-Multimodal-Benchmarking/data/,True,batubwiye guca mu cyuma cyo mu nda noneho icyo cyuma cyabonye akabyimbo kangana na gatanu n'igice kimwe kuri mirimetere ebyiri n'ibice bine mu gice cyo hagati cya porositate
/mnt/multilingual_data/audio/Intron-Multimodal-Benchmarking/data/audio/intron/kinyarwanda/e3bed787fc9d03d5f03f7d124baf3ec6_MH8K15AM.wav,15.663000106811523,"Muraho, nge na mushiki wange twembi tugira ibibyimba binini mu maha yacu byiyongera mu gihe cy'imihango maze bikagabanuka nyuma y'igihe cy'imihango yange.",kinyarwanda,intron-MT,/home/azureuser/gabby_data_mls/Intron-Multimodal-Benchmarking/data/,True,muri aho njye na mushiki wanjye twembri tugira ibibyimba binini mu maha yacu byiyongera mu gihe cy'imihango maze bikagabanuka nyuma y'igihe cy'imihango yanjye
/mnt/multilingual_data/audio/Intron-Multimodal-Benchmarking/data/audio/intron/kinyarwanda/7b351673f47b12e4cd07793934472927_3GaYKOmY.wav,10.95400047302246,Mfite incuti yapfuye nyuma yo kubagwa umutima rero ndumva ntabagwa ntabundi buryo bwo kuvurwa se buhari kuko mfite umubyibuho ukabije nubwo ibizami byanjye byose ari bizuma,kinyarwanda,intron-MT,/home/azureuser/gabby_data_mls/Intron-Multimodal-Benchmarking/data/,True,mfite inchuti yapfuye nyuma yo kubagwa umutima rero ndumva ntabagwa nta wundi buryo bwo kuvurwa se buhari kuko mfite umubyibuha ukabije n'ubwo ibizambi byose ari bizima
/mnt/multilingual_data/audio/Intron-Multimodal-Benchmarking/data/audio/intron/kinyarwanda/24c812a038d1764d72840fc9526334c7_U5Fb2diA.wav,13.97700023651123,Kumva utabasha kumira cyangwa hari ikitambitse mu muhogo byahuzwa n'uburwayi bwo kubyimba mu muhogo cyangwa ubundi burwayi bwo mu buhumekero. Usange muganga ubitaho arebe ko nta na kimwe muri ibyo. Naguha imiti yica udukoko ndetse n'igabanya kubyimba biragufasha.,kinyarwanda,intron-MT,/home/azureuser/gabby_data_mls/Intron-Multimodal-Benchmarking/data/,True,kumva utabasha kumira cyangwa ikitanditse mu muhogo byahuzwa n'uburwayi bwo kubyimba mumuhogo cyangwa ubundi burwayi bwo mu buhumekero usanga yo umuganga ubitaho arebe ko nta kimwe muri ibyo nabwo ho imiti yica udukoko ndetse n'igabanya kubyimba biragufasha
/mnt/multilingual_data/audio/Intron-Multimodal-Benchmarking/data/audio/intron/kinyarwanda/28d26a510248cda56a766b6e7a5ad02d_3mw537Yk.wav,10.255000114440918,"Oya, ntabyo akora. Oya... Nta muganga. Ok, Ok.",kinyarwanda,intron-MT,/home/azureuser/gabby_data_mls/Intron-Multimodal-Benchmarking/data/,True,oya ntabyo akora oya utubago dutatu na muganga oke okey
/mnt/multilingual_data/audio/Intron-Multimodal-Benchmarking/data/audio/intron/kinyarwanda/2d0f3cfec43028ff0d34b6048ec41e3b_2yj9ngMI.wav,20.53300094604492,"Na none nabonye ko gutera k'umutima bidasanzwe, nyuma yo gutera k'umutima kwa 20 kugeza kuri 25 intera iri hagati y'ebyiri yiyongeraho kugeza hagati ya 4 na 5 kurusha kumanuka ku rwego byatangiriyeho na none. ",kinyarwanda,intron-MT,/home/azureuser/gabby_data_mls/Intron-Multimodal-Benchmarking/data/,True,nanone nabonye ko gutera k'umutima bidasanzwe nyuma yo gutera k'umutima kwa makumyabiri kugeza kuri makumyabiri na gatanu intera iri hagati y'ebyiri yiyongeraho kugeza hagati ya kane na gatanu kurusha kumanuka ku rwego byatangiriyeho nanone
/mnt/multilingual_data/audio/Intron-Multimodal-Benchmarking/data/audio/intron/kinyarwanda/c4e7bb874acc3d5856934501effea54d_agj7t7ZP.wav,20.316999435424805,kubona byongeye gutangira kandi kuri 17 feb nabonye icyo nibwiraga ko aricyo gihe cyanjye [iminsi 6 yo kuva amaraso noneho iminsi 4 yo kubona noneho ntakintu kumunsi].,kinyarwanda,intron-MT,/home/azureuser/gabby_data_mls/Intron-Multimodal-Benchmarking/data/,True,kubona byongeye gutangira kandi kuri cumi na zirindwi z'ukwa kabiri nabonye icyo nibwiraga ko ari icyo gihe cyanjye iminsi itandatu kuva amaraso noneho iminsi ine yo kubona noneho nta kintu ku munsi
/mnt/multilingual_data/audio/Intron-Multimodal-Benchmarking/data/audio/intron/kinyarwanda/1d6174f04f92f97c1a8b7981cf1c2916_TMagHKdB.wav,10.57900047302246,"Tonsilektomi ni uburyo busanzwe bwo kubaga mu muhogo gusa hariho zimwe mu ngaruka biteza nko kugira ibimyira mu mazuru, kuribwa mu muhogo no mu matwi, ariko bikunze gushira nyuma y'ibyumweru 3.",kinyarwanda,intron-MT,/home/azureuser/gabby_data_mls/Intron-Multimodal-Benchmarking/data/,True,tonsireekitomi ni uburyo busanzwe bwo kubaga mu muhogo gusa hariho zimwe mu ngaruka biteza nko kugira ibinyera mu mazuru kurebwa mu muhogo no mu matwi ariko bikunze gushyira nyuma y'ibyumweru bitatu
/mnt/multilingual_data/audio/Intron-Multimodal-Benchmarking/data/audio/intron/kinyarwanda/d0ad470182c8e96c4114ee64aee9a5e5_6aDVcRsQ.wav,14.092000007629396,"Mu  gihe kingana n'ibyumweru 8, narwaye isaazi yo munsi y'umusaya yarakomeye ikaba ifite umuubyimba nibura wa mirimetero 1. Iringaniye n'ugutwi kw'ibumoso ahagana ku rucongero rw'umusatsi.",kinyarwanda,intron-MT,/home/azureuser/gabby_data_mls/Intron-Multimodal-Benchmarking/data/,True,mu gihe kingana n'ibyumweru umunani ni rwayisazi y'umunsi y'umusaya yarakomeye ikaba ifite umubyimba nibura omirimeteri rimwe iringaniye n'ugutwi kw'ibumoso ahagana ku rucongero rw'umusatsi
/mnt/multilingual_data/audio/Intron-Multimodal-Benchmarking/data/audio/intron/kinyarwanda/2cb137cdc3f41392172b180c1b96016d_8ttKe36C.wav,10.935999870300291,"Iyo miti ya antihistamine irakora, ariko ni mu gihe gito kandi bayikwandikiye kenshi, ntabwo ikora neza nanjye narabirwaraga mu myaka mike ishize bikijyana nyuma y'icyumweru.",kinyarwanda,intron-MT,/home/azureuser/gabby_data_mls/Intron-Multimodal-Benchmarking/data/,True,iyo miti ya antiyisitamine irakora ariko ni mu gihe gito kandi bayikwandikiye kenshi ntabwo ikora neza nanjye nanabirwaraga mu myaka miki ishize bikijyana nyuma y'icyumweru
/mnt/multilingual_data/audio/Intron-Multimodal-Benchmarking/data/audio/intron/kinyarwanda/9a170f88c61597d7ef0a955baae73bf4_brorliHW.wav,32.46900177001953,indi minsi ibiri irashize mpita mbyimba ikibyimba kandi gisa nkumwobo cyasohotse kandi gisa nkumwobo muto.,kinyarwanda,intron-MT,/home/azureuser/gabby_data_mls/Intron-Multimodal-Benchmarking/data/,True,i ndi minsi ibiri irashize mita nyimba ikibyimba kandi gisa nk'umwobo cyasohotse kandi gisa nk'umwobo muto
/mnt/multilingual_data/audio/Intron-Multimodal-Benchmarking/data/audio/intron/kinyarwanda/cb4fb02b8bf0ef0fd45728929a9db974_Tae4zLuL.wav,14.401000022888184,"Ok, nibyiza. Mumbabarire rero, mumbwire niba mushaka kuvuga ukuntu ubu bubabare ari bubi, reka tuvuge ko 0 nta bubabare na 10 aribwo bubabare bubi cyane, ubu bubabare wabupima he?",kinyarwanda,intron-MT,/home/azureuser/gabby_data_mls/Intron-Multimodal-Benchmarking/data/,True,oke ni byiza mumbabarire rero mumuwire niba umushaka kuvuga ukuntu ububabare ari bubi reka tuvuge ko zeru nibubabare n'icumi ari bwo ububabare bubi cyane ubububabare wawupimahe
/mnt/multilingual_data/audio/Intron-Multimodal-Benchmarking/data/audio/intron/kinyarwanda/2aac6a44cb532cc96920bb94b2956e37_WkvHfvrK.wav,19.11899948120117,Umutima we wariko uratera vuba kuruta uko byari bimeze mbere. Igihe yari mu mashuri yisumbuye yabonye umuganga w’umutima ariko ntibabona ikintu kibi.,kinyarwanda,intron-MT,/home/azureuser/gabby_data_mls/Intron-Multimodal-Benchmarking/data/,True,umutima we wari uriho uratera vuba kuruta uko byari bimeze mbere igihe yari mu mashuri yisumbuye yabonye umuganga w'umutima ariko ntibabona ikintu kibi
/mnt/multilingual_data/audio/Intron-Multimodal-Benchmarking/data/audio/intron/kinyarwanda/ac4de94b98dff766d3fcd258ac9f7851_ZYaaklnn.wav,22.52400016784668,Umubare fatizo wa Karisiyumu kuri iyi myaka ni ukuva ku mirigarama 10 kugeza ku mirigarama 12 naho ikigero cya fosifore kizima ni ukuva kuri 2.4 mg kugeza kuri 4.1 mg kuri dl,kinyarwanda,intron-MT,/home/azureuser/gabby_data_mls/Intron-Multimodal-Benchmarking/data/,True,umubare fatizo wa karisiyamu kuriiye imyaka ni ukuva kuri mirigarama icumi kugeza kuri mirigarama cumi n'ebyiri naho ikigero cya fosifore kizima ni ukuva kuri mirigarama ebyiri n'ibice bine kugeza kuri mirigarama enye n'igice kimwe muri desiriti rimwe
/mnt/multilingual_data/audio/Intron-Multimodal-Benchmarking/data/audio/intron/kinyarwanda/cde47a7f4e8c29029052ab8ba65cc95a_cFH9y7Tl.wav,12.736000061035156,igiciro ningorane kuko amafranga ni make.ndabizi neza ko rimwe nagera kwiherezo rya nyuma azagana ibiturika akoreshe nimbunda,kinyarwanda,intron-MT,/home/azureuser/gabby_data_mls/Intron-Multimodal-Benchmarking/data/,True,bikari byinshi igiciro ni ingorane kuko amafaranga ni make ndabizi neza ko arimwe naagera ku iherezo rya nyuma azagana ibiturika akoreshe n'imbunda
/mnt/multilingual_data/audio/Intron-Multimodal-Benchmarking/data/audio/intron/kinyarwanda/584a7362bd08b5fabe53543ad85d49ab_tigAiUwZ.wav,6.298999786376953,Mfite akantu kameze nk'ipfundo hagati mu gituza kanyeganyega iyo ugakozeho. Iyo yaba impamvu umuforomo ashaka ko tuvugana.?,kinyarwanda,intron-MT,/home/azureuser/gabby_data_mls/Intron-Multimodal-Benchmarking/data/,True,ufite akantu kameze nk'ipfundo hagati mu gituza kanyeganyega iyo gakozeho iyayo mpamvu umuforomo ashaka ko tuvugana
/mnt/multilingual_data/audio/Intron-Multimodal-Benchmarking/data/audio/intron/kinyarwanda/c140fd3420faa3340d79df6476f6511b_EcAzmMHi.wav,17.017000198364258,ese ibyo nibyo biteza ikibazo cyangwa hari ibindi bintu? ese hari itandukaniro mukwikinisha nimibonano mpuzabiytsina mugushyukwa kwimboro? ndiguteganya kurushinga.,kinyarwanda,intron-MT,/home/azureuser/gabby_data_mls/Intron-Multimodal-Benchmarking/data/,True,ese ibyo ni byo biteza ikibazo cyangwa hari ibindi bintu ese hari itandukaniro mu kwikinisha n'imibonano mpuzabitsina mu gushyukwa kw'imboro ndi guteganya ku rushinga
/mnt/multilingual_data/audio/Intron-Multimodal-Benchmarking/data/audio/intron/kinyarwanda/e39d1de6afd93477f10dd4b562017a3e_T1AlTXsl.wav,11.717000007629396,Papa afite kanseri yo mu gifu. yagiye mu myitozo ngorora mubiri akora siporo zo koga. ageze murugo akomeza kuruka amatemba buzi yera ,kinyarwanda,intron-MT,/home/azureuser/gabby_data_mls/Intron-Multimodal-Benchmarking/data/,True,papa afite kanseri yo mu gifu agiye mu myitozo ngororamubiri akora siporo zo koga ageze mu rugo akomeza kuruka amatemba abuziye
/mnt/multilingual_data/audio/Intron-Multimodal-Benchmarking/data/audio/intron/kinyarwanda/0b3b06054fffab86761d69482d68113a_0WtjboF7.wav,19.38599967956543,Muraho. Ndabashimira kuba mwatwandikiye kuri Chat Doctor. Nemeranya rwose na muganga w’uruhu wanyu; imiti ikomeye ya steroid nka mometasone furoate ntigomba gukoreshwa igihe kirenze ibyumweru bibiri.,kinyarwanda,intron-MT,/home/azureuser/gabby_data_mls/Intron-Multimodal-Benchmarking/data/,True,muri aho ndashimira kuba mwatwandikiye kuri chati dogitar nemeranya rwose na muganga w'uruhu rwaywanyu imiti ikomeye ya siteroyidi nka mometasone fruyate niigomba gukoreshwa igihe kirenze ibyumweru bii
/mnt/multilingual_data/audio/Intron-Multimodal-Benchmarking/data/audio/intron/kinyarwanda/c67432c071508ebac62444bb49d34bf2_A6BlzfLl.wav,17.339000701904297,"Murakaza neza kuri muganga uganira! kubijyanye n'impungenge zawe,ugomba kumenyako ubuvuzi bw'ibanze bw'iki kibazo ari imiti y'igicuri muganga uganira. mubusanzwe ifasha mu kugabanya ingano y'ububabare.",kinyarwanda,intron-MT,/home/azureuser/gabby_data_mls/Intron-Multimodal-Benchmarking/data/,True,murakaza neza kuri muganga uganira ku bijyanye n'impungenge zawe ugomba kumenya ko ubuvuzi bw'ibanze bw'iki kibazo ari imiti y'igicuri mugango uganira mu busanzwe ifasha mu kugabanya ingano y'ububabare
/mnt/multilingual_data/audio/Intron-Multimodal-Benchmarking/data/audio/intron/kinyarwanda/7e2062bfffda8fdcf9d09b2284ecef9a_fumkzPSn.wav,21.270000457763672,"rimwe na rimwe kandi nkagira kutihanganira urumuri/urusaku. byabaye gake cyane guturuka mu ibyiruka ryanjye-ubu mfite imyaka 41, igihe biheruka kuba nararutse,ndakonja ndanatitira",kinyarwanda,intron-MT,/home/azureuser/gabby_data_mls/Intron-Multimodal-Benchmarking/data/,True,rimwe na rimwe kandi nagira kuutihanganira urumuri cyangwa se urusako ryabaye gake cyane guturuka mu nwibyuruka ryanjye ubu mfite imyaka mirongo ine n'mwa igihe bihruuka kuba nararutse ndakonja ndanatetira
/mnt/multilingual_data/audio/Intron-Multimodal-Benchmarking/data/audio/intron/kinyarwanda/36d69d4d6a856d795d25a22bb85119b9_wdzh1JgJ.wav,13.741999626159668,Yarafite n'umuriro mu minsi 2 ishize gusa uyumunsi yari ameze neza ariko bitunguranye yongeye kugira umuriro ndetse n'ubusembwa bw'uruhu ntibwagiye.,kinyarwanda,intron-MT,/home/azureuser/gabby_data_mls/Intron-Multimodal-Benchmarking/data/,True,yari afite n'umuriro mu minsi ibiri ishize gusa uno munsi yari ameze neza ariko bitunguranye yongeye kugira umuriro ndetse n'ubusembwa bw'uruhu nibwagiye
/mnt/multilingual_data/audio/Intron-Multimodal-Benchmarking/data/audio/intron/kinyarwanda/558dd5231de732f53a91d396531e359b_Fv2kHKbh.wav,14.29699993133545,Hari ibyago bicye cyane byo kurwara umwijima ndetse na kanseri gusa ugendeye kuri ibi agomba gukora imyitozo ihoraho nibura rimwe mumwaka. ,kinyarwanda,intron-MT,/home/azureuser/gabby_data_mls/Intron-Multimodal-Benchmarking/data/,True,hari ibyago bike cyane byo kurwara umwijima ndetse na kanseri gusa ugendeye kuri ibi agomba gukora imyitozo ihoraho niibura arimwe mu mwaka
/mnt/multilingual_data/audio/Intron-Multimodal-Benchmarking/data/audio/intron/kinyarwanda/e3e5710fa9362d720906a9a39b11ff8b_Ut6ZXXLz.wav,20.22800064086914,"Ngaho muganga, ngira inama, mfate umutobe wa nor-metrogyl inshuro 3 kumunsi mugihe cy'iminsi ibiri. Nashakaga kumenya niba ntacyo byaba bitwaye kumwana w'amezi atandatu urwaye guhitwa bidashira.",kinyarwanda,intron-MT,/home/azureuser/gabby_data_mls/Intron-Multimodal-Benchmarking/data/,True,noneho muganga ngira inama mfata umutobe wa norumetrojiri inshuro eshatu ku munsi mu gihe cy'iminsi ibiri nashakaga kumenya niba ntacyo byaba bitwaye ku mwana w'amezi atandatu urwayi rwitwa bidashyira
/mnt/multilingual_data/audio/Intron-Multimodal-Benchmarking/data/audio/intron/kinyarwanda/724a83d9d417355e4473af12db73e1ff_Du5Zi2ZG.wav,38.39099884033203,"italiki yo gusohoka kw'intanga ngore ni ku italiki ya 9 kugeza kuya 10 z'ukwa 8, none niba intanga ngore yarahuye ni ntanga ngabo , ni ukuvuga utwite, ushobora gupima ingano ya Human chorionic gonadotrophin (ganira mu ganga), ingano igomba kuba hagati ya 300-500 NG/DL.",kinyarwanda,intron-MT,/home/azureuser/gabby_data_mls/Intron-Multimodal-Benchmarking/data/,True,itariki yo gusohoka kw'intangangore ni ku ya cyenda kugeza ku ya cumi z' kwa munani none niba intangangore yarahuye n'intangangabo ni ukuvuga utwite ushobora gupima ingano ya human korunic konada trophin gufungura agakubo ganiramuganga gufunga agakubo ingano igomba kuba hagati ya magana atatu kugeza kuri magana atanu engi padeslita
/mnt/multilingual_data/audio/Intron-Multimodal-Benchmarking/data/audio/intron/kinyarwanda/9299226904dd758a9d12852c72f8154a_lCll7QCw.wav,12.630999565124512,"Natewe inshinge za steroid mu rukenyerero no mu mavi. Ubu ndumva uburyaryate bukabije, ubushye mu itako ry’iburyo, mu gice cy’imbere no kuva ku itako kugera ku ivi.",kinyarwanda,intron-MT,/home/azureuser/gabby_data_mls/Intron-Multimodal-Benchmarking/data/,True,natewe inshinge za asiteroyide mu rukenyerero no mu mavi ubu ndumva uburyaryate bukabije uushyuhe mu itako ry'iburyo mu gice cy'imbere no kuva ku itako kugera ku ivi
/mnt/multilingual_data/audio/Intron-Multimodal-Benchmarking/data/audio/intron/kinyarwanda/2fc38b50aa6a2fbf96d41528584bc58b_6wms8icg.wav,20.863000869750977,"Ese hari umuntu wambwira ibintu biri kuba kumaso yanjye? Ese ni ibintu byerekeranye n'uburwayi bwo mu mutwe? Muganga wanjye yambwiye ko mfite F.20, Ese F.20 ni ibiki? Nimumfashe nyamuneka, Murakoze Mwiriwe.",kinyarwanda,intron-MT,/home/azureuser/gabby_data_mls/Intron-Multimodal-Benchmarking/data/,True,ese hari umuntu wambwira ibintu biri kuba ku maso yanjye ese ni ibintu byerekeranye n'uburwayi bwo mu mutwe muganga wanjye yambwiye ko mfite efu makumyabiri ese efu makumyabiri ni ibiki nimumfashe nyamuneka murakoze mu iriwe
/mnt/multilingual_data/audio/Intron-Multimodal-Benchmarking/data/audio/intron/kinyarwanda/59e21801482e057da06e820aac784f52_zTEvggfW.wav,25.660999298095703,"Nagira inama ko wakora ibi bizamini: isuzuma ryuzuye ry’amaraso (Complete Blood Picture), ibizamini by’imikorere y’impyiko, isuzuma ry’isukari mu maraso igihe wifashe no nyuma yo kurya, isuzuma ry’inkari risanzwe, microscopic, umuco n’ubushishozi (mbere yo gutangira antibiotique), ndetse na ultrasound y’inda.",kinyarwanda,intron-MT,/home/azureuser/gabby_data_mls/Intron-Multimodal-Benchmarking/data/,True,ntakugira inama ko hakora ibi bizamini isuzuma ryuzuye ry'amaraso compliti bradi picctare ibizamini by'imikorere yinsyiko isuzuma ry'isukari mu maraso igihe wafashe na nyuma yo kurya isuzuma ry'inkari risanzwe mikoroskopiki umuco n'ubushishozi mbere yo gutangira antibiyotike ndetse na ultra saundi yinda
/mnt/multilingual_data/audio/Intron-Multimodal-Benchmarking/data/audio/intron/kinyarwanda/71e4b849a2d80dd252230e29670e25fa_ChvDhWdJ.wav,6.563000202178955,Icyumweru gishize natangiye kubabara mu nda yo hejuru. Ni agace gato mba numva mbabaraho kandi. ,kinyarwanda,intron-MT,/home/azureuser/gabby_data_mls/Intron-Multimodal-Benchmarking/data/,True,icyumweru gishize natangiye kubabara mu nda yo hejuru nta gace gato mbanuumababaraho kandi
/mnt/multilingual_data/audio/Intron-Multimodal-Benchmarking/data/audio/intron/kinyarwanda/1f015a12d19c3dbaa14444ca1363cac6_EUWWmcG9.wav,25.42799949645996,"Ese mfite kubyitaho? Ndi kunyura kugitutu cy'ishuli numuryango. nshuti, urakoze kubwikibazo cyawe kuri chat doctor. Ndabyumva ibyo waruri kunyuramo ni kibazo cyawe",kinyarwanda,intron-MT,/home/azureuser/gabby_data_mls/Intron-Multimodal-Benchmarking/data/,True,ese ufite ikibazo ese mfite kubyitaho ndi kunyura ku gitutu cy'ishuri n'umuryango nshuti urakoze ku bwoikibazo cyawe ku rubuga rwa muganga ndabyumva ibyo wari uri kunyuramo n'ikibazo cyawe
/mnt/multilingual_data/audio/Intron-Multimodal-Benchmarking/data/audio/intron/kinyarwanda/1d18000077cd0a5c6123c4e56caa768d_BJb5zGY0.wav,14.02299976348877,Mfite imyaka 20. Ibiryo byange ni 53kg n'uburebure bwa 167cm. Kumyaka yange ngaragara nkaho ndi muto. Ntamikurire .,kinyarwanda,intron-MT,/home/azureuser/gabby_data_mls/Intron-Multimodal-Benchmarking/data/,True,ifite imyaka makumyabiri ibiro byanjye ni mirongo itanu na bitatu n'uburebure bwa sani metei jana mirongo itandatu na zirindwi ku myaka yanjye ngaragara nkaho ndi muto nta mikuri
/mnt/multilingual_data/audio/Intron-Multimodal-Benchmarking/data/audio/intron/kinyarwanda/95432c005d11c5a00103d2de76d5e854_5P1FJsGM.wav,11.904999732971191,Nyuma yaho nafatiye ibinini. Maze umwaka nararekeye kubifata ariko sinshobore gusama nagiye kwa muganga rimwe ariko ibisubizo byose byaje bigaragaza ko ntakibazo. ,kinyarwanda,intron-MT,/home/azureuser/gabby_data_mls/Intron-Multimodal-Benchmarking/data/,True,inyuma yaho nafatiye ibinini maze umwaka an narikiye kubifata ariko si nshobouri gusama nagiye kwa muganga rimwe ariko ibisuza byose byaje bigaragaza ko nta kibazo
/mnt/multilingual_data/audio/Intron-Multimodal-Benchmarking/data/audio/intron/kinyarwanda/695da8cdaa409af5b3b60e1d6d33152f_5ZxUZgqI.wav,14.081000328063965,Nagiye kumuganga wumutima ankorera ikizamini asanga umutima wibumoso wabaye munini ikindi umutima wanjye watereraga ku 105  mfite nirindi jwi rivuga cyane mumutima iyo mpagaze,kinyarwanda,intron-MT,/home/azureuser/gabby_data_mls/Intron-Multimodal-Benchmarking/data/,True,nagiye kwa muganga w'umutima nkorera ikizami asanga umutima w'iimoso wabaye munini ikindi umutima wanjye watereraa ku ijana na gatanu mfite n'irindi jwi rivuga cyane mu mutima iyo mpagaze
/mnt/multilingual_data/audio/Intron-Multimodal-Benchmarking/data/audio/intron/kinyarwanda/ce8e3a7ef27d2b9e2f174b7dac2cd96a_AoA0EiVt.wav,11.326000213623049,Ndi umugabo wimyaka 57 nabazwe imitsi umwaka ushize banciriramo akuma  nyuma yo kumbaga bampaye imiti ikurikira ,kinyarwanda,intron-MT,/home/azureuser/gabby_data_mls/Intron-Multimodal-Benchmarking/data/,True,ndi umugabo w'imyaka mirongo itanu n'irindwi nabazwa imitsi umwaka ushize banshiramo akumpa nyuma yo kumbaga bampaye imiti ikurikira
/mnt/multilingual_data/audio/Intron-Multimodal-Benchmarking/data/audio/intron/kinyarwanda/3f886546e4e6ee5256a6cd87c4f55494_gkZLYwtX.wav,9.243000030517578,Kumasa mu maso bigabanya gukomera kwinyama zo mumaso  hanyuma gukora imyitozo yoroheje bigafasha kongera kwiyubaka kwimikaya.,kinyarwanda,intron-MT,/home/azureuser/gabby_data_mls/Intron-Multimodal-Benchmarking/data/,True,kumasa mu maso bigabanya gukomera kw'inyama zo mu maso hanyuma gukora imyitozo yoroheje bigafasha kongera kwiyubaka ku imikaya
/mnt/multilingual_data/audio/Intron-Multimodal-Benchmarking/data/audio/intron/kinyarwanda/725ffce6e9062668bf6f72122f5b099b_aLF3B84Z.wav,10.13700008392334,.Ariko ntago ariko bisanzwe bimeze. Iyo imachini yange yafashe umurego niko bigenda. Bivuzeko agahu k'inyuma ntago kavaho ngo kave mu nzira kose. ,kinyarwanda,intron-MT,/home/azureuser/gabby_data_mls/Intron-Multimodal-Benchmarking/data/,True,ariko ntago ari ku misanga bimeze iyo imashini yanjye yafasha umurego ni ko bigenda bivuze ko agaho kainyuma ntawo kava ho ngo kave mu nzira kose
/mnt/multilingual_data/audio/Intron-Multimodal-Benchmarking/data/audio/intron/kinyarwanda/ef566904f3ee2d9c7f194ee224a7acf1_fZaZ1COh.wav,11.942999839782717,"umugore mukuru, udafata imiti irenze iyi ndi muzima. ibiro 118 kandi ndi umumama wabana batatu, ikindi sindwara impyiko.",kinyarwanda,intron-MT,/home/azureuser/gabby_data_mls/Intron-Multimodal-Benchmarking/data/,True,umugore mukuru udafata imiti irenze yi ndi muzima ibiro ijana na cumi n'umunani kandi ndi mu mama w'abana batatu ikindi se ndwara imkyigo
/mnt/multilingual_data/audio/Intron-Multimodal-Benchmarking/data/audio/intron/kinyarwanda/4c4e5d03bc3929c6dbdee9b31eef183d_G48TyQnZ.wav,12.184000015258787,"Hashize iminsi 3 bankuye iryinyo rya muzitsa kandi muganga w'amenyo wanjye yarebye aho ryakuwe maze avuga ko hari gukira uko bikwiye, ko hasa neza kandi ko nemerewe kuba nanwa itabi.",kinyarwanda,intron-MT,/home/azureuser/gabby_data_mls/Intron-Multimodal-Benchmarking/data/,True,hashize iminsi itatu bankuye iryinye rya muzitsa kandi di muganga w'amenyo wanjye yarebye aho ryakuwe maze avuga ko hari gukira uko bikwiye ko hasa neza kandi ko nemerewe kubana anu itavo
/mnt/multilingual_data/audio/Intron-Multimodal-Benchmarking/data/audio/intron/kinyarwanda/fb3d52d4586c2f0501610d41189c17d3_OWaC1w7V.wav,16.704999923706055,ndahangayitse. bwambere naritumye mbona amaraso kurupapuro rw'isuku nyuma yo kwihangura none ibi bibaye kabiri ntago nzi niba hari aho ibi byaba bihuriye.,kinyarwanda,intron-MT,/home/azureuser/gabby_data_mls/Intron-Multimodal-Benchmarking/data/,True,ndahangayitse naritumye mbona amaraso ku rupapuro rw'isuku inyuma yo kuyanagura none ubu ni ubwa kabiri ntabwo nzi nimba ibi hari aho byaba biboa
/mnt/multilingual_data/audio/Intron-Multimodal-Benchmarking/data/audio/intron/kinyarwanda/1d46c5a514b4d08df94e123180879d33_TyN30Lpa.wav,4.932000160217285,"Oya, hari hari, nta kintu cyari gihari.",kinyarwanda,intron-MT,/home/azureuser/gabby_data_mls/Intron-Multimodal-Benchmarking/data/,True,oya hari hari nta kinto cyari gihari
/mnt/multilingual_data/audio/Intron-Multimodal-Benchmarking/data/audio/intron/kinyarwanda/5ad20b063da7ccc6b716858417a5c2c8_wSLfbCMo.wav,9.23799991607666,Imihango yanjye yaragiye ariko natangiye kubona ibintu bisa n'umutuku niyo mpamvu nahise mpagarika kubifata byombi. Gusa nakoze n'imibonano idakingiye ku itariki 7 na 8,kinyarwanda,intron-MT,/home/azureuser/gabby_data_mls/Intron-Multimodal-Benchmarking/data/,True,imihango yanjye yaragiye ariko natangiye kubona ibintu bisa n'umutuku niyo mpamvu nahise mpagarika kuyifata byombi gusa nakoze n'imibonano idakingiye ku itariki zirindwi n'umunani
/mnt/multilingual_data/audio/Intron-Multimodal-Benchmarking/data/audio/intron/kinyarwanda/8838b33b7fc229e0af151eefd2b672ff_YsbWRfKs.wav,10.680999755859377,Ubu birababaza Kandi byari bingoye kuzamura akaboko no gusinzira. Nshira gatamboro gashyushye munsi yukuboko ubundi kakagarura ubuyanja,kinyarwanda,intron-MT,/home/azureuser/gabby_data_mls/Intron-Multimodal-Benchmarking/data/,True,ubu birababaza kandi byari bingoye kuzamura akaboko no gusinzira kira agatambaro gashyushye munsi y'ukuboko ubundi kakagarura ubuyanja
/mnt/multilingual_data/audio/Intron-Multimodal-Benchmarking/data/audio/intron/kinyarwanda/471d4c63951fdbf3cd45747a1fc83939_k4DpRLNI.wav,17.899999618530273,Kugeza ubu nta miti ihari ishobora kongera kugarura imikorere ya imyanya y'umubiri yumva. gusa hari amasuzuma ari gukorwa agamije kureba uko havurwa ingirabuzimafatizo,kinyarwanda,intron-MT,/home/azureuser/gabby_data_mls/Intron-Multimodal-Benchmarking/data/,True,kugeza ubu nta miti ihari ishobora kongera kugarura imikorere y'imyanya y'umubiri yumva gusa hari amasuzuma ari gukorwa agamije kureba uko havurwa ingirabuzima fata
/mnt/multilingual_data/audio/Intron-Multimodal-Benchmarking/data/audio/intron/kinyarwanda/08a1ddb274c447da85640f63eb151598_5YU8p4kl.wav,12.800000190734863,Ese kuki umuganga wanjye uvura ibya rusange atazanyohereza k'umuganga w'amagufwa? Byaba se ari uko abaganga bavura ibya rusange bagenewe agahimbazamusyi mu gihe batohereje abarwayi ku ibitaro binini?,kinyarwanda,intron-MT,/home/azureuser/gabby_data_mls/Intron-Multimodal-Benchmarking/data/,True,ese kuki umuganga wanjye uvura ibya rusange atazanyohereza ku muganga w'amagufwa byaba ase ari uko abaganga bavura ibya rusange bagenewaga himbazamusiki mu gihe batohereje abarwayi ku bitaro binini
/mnt/multilingual_data/audio/Intron-Multimodal-Benchmarking/data/audio/intron/kinyarwanda/2116ecad84f7d3fd17e40bdce32961bd_rHgx8PcW.wav,23.893999099731445,Nibyiza rero kugisha inama Umuganga ufasha abafite ikibazo cy'imitekerereze hanyuma ukarangiza inama n'ibiganiro by'ubujyanama aguha. Gerageza kumenya ibiguhangayikishya mubuzima bwawe hanyuma utangire gushaka  ibisubizo byabyo. Ushobora gukenera Anxiolytic Doctor,kinyarwanda,intron-MT,/home/azureuser/gabby_data_mls/Intron-Multimodal-Benchmarking/data/,True,ni byiza rero kugisha inama muganga ufashe abafite ikibazo cy'imitekerereze hanyuma ukarangiza inama n'ibiganiro by'ubujyanama guha gerageza kumenya ibiguhangayikisha mu buzima bwawe hanyuma utangire gushaka ibisubizo byabyo ushobora gukenera anzoritiki dogito
/mnt/multilingual_data/audio/Intron-Multimodal-Benchmarking/data/audio/intron/kinyarwanda/c9d0d9a9e814a7842eb421c148234146_OJZfK8UB.wav,16.933000564575195,"nakoresheje igipimo cyo gupima ko u,muntu atwite cyinyereke ko ntatwite. Ushobora kumbwira amahirwe  mfite yo gutwita ? Haba hari ingorane nahura nazo mugutwita kwanjye ?????",kinyarwanda,intron-MT,/home/azureuser/gabby_data_mls/Intron-Multimodal-Benchmarking/data/,True,nakoresheje igipimo cyo gupima ko umuntu atwite kinyereka ko ntatwite ushobora kumbwira amahirwe mfite yo gutwita haba hari ingorane nahura na zo mu gutwita kwanjye
/mnt/multilingual_data/audio/Intron-Multimodal-Benchmarking/data/audio/intron/kinyarwanda/02b8d42bf1a4deb65dad3f8b64ea14e1_bRHurjhU.wav,3.3289999961853027,Yego. Ese ufite abandi bana?,kinyarwanda,intron-MT,/home/azureuser/gabby_data_mls/Intron-Multimodal-Benchmarking/data/,True,yego ese ufite abandi bana
/mnt/multilingual_data/audio/Intron-Multimodal-Benchmarking/data/audio/intron/kinyarwanda/dc959d4a6d07e825be3b156c77d93f25_xkamX0yM.wav,18.76300048828125,"Namaze imyaka igera kuri 17 ndwaye indwara yo kwiheba idakira, maze kugerageza imiti myinshi igabanya imihangayiko, ariko nta numwe muri yo yigeze imfasha gukomeza kuba umuntu udahangayitse.",kinyarwanda,intron-MT,/home/azureuser/gabby_data_mls/Intron-Multimodal-Benchmarking/data/,True,namaze imyaka igera kuri cumi n'irindwi ndwaye indwara yo kwiheba idakira maze kugerageza imiti myinshi igabanya imihangayiko ariko nta n'umwe muri yo yigeze imfasha gukomeza kuba umuntu udahangayitse
/mnt/multilingual_data/audio/Intron-Multimodal-Benchmarking/data/audio/intron/kinyarwanda/be1ece816ed3ce4c378b1649ef14eb10_brmQQhGr.wav,16.243999481201172,"""Ni ibisanzwe ko abafite asima bagira umubare ukabije w'amaraso atukura kubera guhumeka? Mukundwa, umubare ukabije w'amaraso atukura mu abafite asima ushobora gusobanurwa n'impamvu zikurikira: 1.""",kinyarwanda,intron-MT,/home/azureuser/gabby_data_mls/Intron-Multimodal-Benchmarking/data/,True,ni ibisanzwe ko abafite asima bagira umubare ukabije w'amaraso atukura kubera guhumeka mu kundwa umubare ukabije w'amaraso atukura mu bafite asima ushobora gusobanurwa n'impamvu zikurikira iya mbere
/mnt/multilingual_data/audio/Intron-Multimodal-Benchmarking/data/audio/intron/kinyarwanda/8a03e3a48f6e0909b43c9d8b2bc9baa3_W9z89fRR.wav,26.98500061035156,"Ku kugabanya ububabare ushobora gufata imiti igabanya ububabare cyangwa se NSAIDs, rimwe mu gihe bikenewe. Imiti yawe izaba ishingiye ku ndwara yagaragaye. Nizere ko nasubije ikibazo cyawe.",kinyarwanda,intron-MT,/home/azureuser/gabby_data_mls/Intron-Multimodal-Benchmarking/data/,True,ku kugabanya ububabare ushobora gufata imiti igabanya ububabare cyangwa se enesaides rimwe mu gihe bikenewe imiti yawe izaba ishingiye ku ndwara yagaragaye nizere ko nasubije ikibazo cyawe
/mnt/multilingual_data/audio/Intron-Multimodal-Benchmarking/data/audio/intron/kinyarwanda/9f20fddd9ce722f8ad591ccb5a62a609_VOsl03Vj.wav,15.104999542236328,"Yabanje gutahurwa ko afite PAH hamwe na COPD, kandi yahawe sildenafil igihe yatangiraga kugira hemoptysis iminsi 5 ishize. Ntibyamusubije, bityo hashyizwemo bosentan.",kinyarwanda,intron-MT,/home/azureuser/gabby_data_mls/Intron-Multimodal-Benchmarking/data/,True,yabanje gutahura ko afite pihi hamwe na kopdi kandi yahawe sidinafige yatangiraga kugira emisefi iminsi kantu ishizwe ibyamusubihe bityo hashyizwemo bositani
/mnt/multilingual_data/audio/Intron-Multimodal-Benchmarking/data/audio/intron/kinyarwanda/4b1972f4c26a0fb5c1945516826cca6c_3PxlyhHz.wav,17.47100067138672,"abaganga bange ndabitondera cyane. uburyo mbaha amakuru yose anyerekeyeho. wiriwe, ndi muganga ukoresha ubutumwa bugufi. nasomye ubutumwa bwawe.",kinyarwanda,intron-MT,/home/azureuser/gabby_data_mls/Intron-Multimodal-Benchmarking/data/,True,abaganga banjye ndabitondera cyane uburyo mbaha amakuru yose anyerekeyeho wiri we ndi muganga ukoresha ubutumwa bugufi nasomye ubutumwa bwawe
