date,audio_id,audio_path,audio_duration,sentence_id,source,doc_id,seq_id,prompt,category,char_len,new_text,feedback_text,quality,project_id,project_name,user_id,first_name,last_name,email,level,status,age_group,gender,accent,discipline,education,institution,clinical_experience,city,country,num_pos_feedback_received,num_neg_feedback_received,num_feedback_received,neg_percent,scenario,scenario_len,prompt_scenario_similarity,question,question_len,answer,answer_len,difficulty,language,audio_recording_path,audio_upload_path,image_upload_path,video_upload_path,pdf_upload_path,scenario_strip,version,Unnamed: 0,scenario_question,scenario_question_strip,audio_path_transcribed,audio_transcribed_duration,src_lang,src_text,target_lang,target_text,transcribed_audio_language,match_seq_id,data_audio_recording_path,data_audio_path,data_image_path,data_video_path,data_audio_path_transcribed,question_id,answer_id,root,file_exists,reference,hypothesis
2025-03-12 09:27:36.160849,d28768e6-af94-4b12-94ba-1996a34ba993,/mnt/multilingual_data/audio/Intron-Multimodal-Benchmarking/data/audio/chews/English/6f6c9deefe7a9917b2510bf6603e7fcf_gnZOSAl8.wav,120.0,2d9f4054-f5e7-46b9-ab6a-aa9b14687787,chew-queries,1MJZ9MEYSZ,107,"Patient Problem: Cough of 3 wks or more with or without, weight loss. Blood in sputum",Cough,85.0,"{""question"": ""{\""scenario\"": \""\\r\\n         Personal data:\\r\\n- Name: John bitrus \\r\\n- Age: 55 years\\r\\n- Family History: Father died of lung cancer at age 60\\r\\n- Social History: Lives with wife, works as a mechanic\\r\\n\\r\\n_Chief Complaint:_\\r\\nJohn presents to the pulmonary clinic with a chief complaint of a cough lasting more than 3 weeks, accompanied by weight loss and blood in his sputum. He reports that he has been experiencing these symptoms for the past 6 weeks, with worsening cough and increasing amounts of blood in his sputum over the past 2 weeks. John also reports experiencing fatigue, loss of appetite, and difficulty sleeping due to his cough.\"", \""healthText\"": \""What other investigation can be done to further in the diagnosis \"", \""difficulty\"": \""Medium\"", \""language\"": \""English\"", \""userId\"": \""\"", \""topic\"": \""\""}"", ""answer"": ""History should be taken to determine onset and duration of symptoms while ruling out presence of other symptoms such as drenching night sweats and chest pain. One should also ask about patient's occupation, his diet, ventilation in the home and at his workplace, if he has had contact with anyone suffering from chronic cough, if he has been diagnosed with any health condition in the past which may affect his immunity such as HIV, if he uses recreational substances -such as if he smokes cigarettes and how often, and if he has travelled to or lives in an area that has reported cases of respiratory disease outbreaks. A physical examination should be done while looking out for fever, pallor, dehydration, wasting, body swellings, and difficulty in breathing. A blood sample should be taken for malaria parasite smear and full blood count and a sputum sample for microscopy, culture and drug sensitivity as well as GeneXpert test. A chest Xray should also be requested. Patient should be reviewed with investigation results and appropriate management instituted. Appropriate medication should be prescribed based on investigation results and may include anti-inflammatory medication.""}",,,a7006608-b55e-450a-a131-b00df88dbf81,Jos-CHEW-Health-Questions,,Winnifred,Ushie,winnieushie@gmail.com,LABELER,ACTIVE,26-40,Female,Bette,Medicine,,Jos University Teaching Hospital,Resident,"Jos, Nigeria",NG,32.0,2.0,34.0,0.06,"
         Personal data:
- Name: John bitrus 
- Age: 55 years
- Family History: Father died of lung cancer at age 60
- Social History: Lives with wife, works as a mechanic

_Chief Complaint:_
John presents to the pulmonary clinic with a chief complaint of a cough lasting more than 3 weeks, accompanied by weight loss and blood in his sputum. He reports that he has been experiencing these symptoms for the past 6 weeks, with worsening cough and increasing amounts of blood in his sputum over the past 2 weeks. John also reports experiencing fatigue, loss of appetite, and difficulty sleeping due to his cough.",618,0.0426742532005689,What other investigation can be done to further in the diagnosis ,65,"History should be taken to determine onset and duration of symptoms while ruling out presence of other symptoms such as drenching night sweats and chest pain. One should also ask about patient's occupation, his diet, ventilation in the home and at his workplace, if he has had contact with anyone suffering from chronic cough, if he has been diagnosed with any health condition in the past which may affect his immunity such as HIV, if he uses recreational substances -such as if he smokes cigarettes and how often, and if he has travelled to or lives in an area that has reported cases of respiratory disease outbreaks. A physical examination should be done while looking out for fever, pallor, dehydration, wasting, body swellings, and difficulty in breathing. A blood sample should be taken for malaria parasite smear and full blood count and a sputum sample for microscopy, culture and drug sensitivity as well as GeneXpert test. A chest Xray should also be requested. Patient should be reviewed with investigation results and appropriate management instituted. Appropriate medication should be prescribed based on investigation results and may include anti-inflammatory medication.",1186.0,Medium,English,http://speech-app.s3.amazonaws.com/static/audio/uploads/2d9f4054-f5e7-46b9-ab6a-aa9b14687787/6f6c9deefe7a9917b2510bf6603e7fcf_gnZOSAl8.wav,,,,,PersonaldataNameJohnbitrusAge55yearsFamilyHistoryFatherdiedoflungcanceratage60SocialHistoryLiveswithwifeworksasamechanicChiefComplaintJohnpresentstothepulmonaryclinicwithachiefcomplaintofacoughlastingmorethan3weeksaccompaniedbyweightlossandbloodinhissputumHereportsthathehasbeenexperiencingthesesymptomsforthepast6weekswithworseningcoughandincreasingamountsofbloodinhissputumoverthepast2weeksJohnalsoreportsexperiencingfatiguelossofappetiteanddifficultysleepingduetohiscough,v3,,"
         Personal data:
- Name: John bitrus 
- Age: 55 years
- Family History: Father died of lung cancer at age 60
- Social History: Lives with wife, works as a mechanic

_Chief Complaint:_
John presents to the pulmonary clinic with a chief complaint of a cough lasting more than 3 weeks, accompanied by weight loss and blood in his sputum. He reports that he has been experiencing these symptoms for the past 6 weeks, with worsening cough and increasing amounts of blood in his sputum over the past 2 weeks. John also reports experiencing fatigue, loss of appetite, and difficulty sleeping due to his cough.What other investigation can be done to further in the diagnosis ",PersonaldataNameJohnbitrusAge55yearsFamilyHistoryFatherdiedoflungcanceratage60SocialHistoryLiveswithwifeworksasamechanicChiefComplaintJohnpresentstothepulmonaryclinicwithachiefcomplaintofacoughlastingmorethan3weeksaccompaniedbyweightlossandbloodinhissputumHereportsthathehasbeenexperiencingthesesymptomsforthepast6weekswithworseningcoughandincreasingamountsofbloodinhissputumoverthepast2weeksJohnalsoreportsexperiencingfatiguelossofappetiteanddifficultysleepingduetohiscoughWhatotherinvestigationcanbedonetofurtherinthediagnosis,http://speech-app.s3.amazonaws.com/static/audio/uploads/2d9f4054-f5e7-46b9-ab6a-aa9b14687787/6f6c9deefe7a9917b2510bf6603e7fcf_gnZOSAl8.wav,41.215986394557824,English,"Name: John Brutus
Age: 55 years
Family history : Father died of lung cancer at age 60
Social history: lives with wife, works as a mechanic 
Chief Complaints : John presents to the pulmonary clinic with a chief complaint of a cough lasting more than 3 weeks accompanied by weight loss and blood in his sputum. He reports that he has been experiencing these symptoms for the past 6 weeks with worsening cough and increase in the amount of blood in his sputum over the past 2 weeks. John also reports having fatigue, loss of appetite and difficulty in sleeping ",Pidgin,"Name: John Brutus
Age: 55 years
Family history: Hin Papa die of lung cancer when him dey 60 years
Social History: Hin dey life with hin wife and na mechanic work him dey do 
Chief complaints: John come pulmonary clinic with complain say him don dey cough for more than 3 weeks now wey dey occur with weight loss and blood for the spit wey dey comot. Hin talk sey him don dey get these symptoms now for 6 weeks and the cough dey dey worse and the blood wey dey comot for him spit dey plenty over the past 2 weeks.
John also talk say him dey quick tire, him no get appetite to chop and him no dey sleep well",English,d28768e6-af94-4b12-94ba-1996a34ba993,audio/2d9f4054-f5e7-46b9-ab6a-aa9b14687787/6f6c9deefe7a9917b2510bf6603e7fcf_gnZOSAl8.wav,,,,audio/2d9f4054-f5e7-46b9-ab6a-aa9b14687787/6f6c9deefe7a9917b2510bf6603e7fcf_gnZOSAl8.wav,ab4aec3f13a8d0033e76a1ccb91a64188727c0a6adc67bd173730242d776b688,d28768e6-af94-4b12-94ba-1996a34ba993,/home/azureuser/gabby_data_mls/Intron-Multimodal-Benchmarking/data/,True,"History should be taken to determine onset and duration of symptoms while ruling out presence of other symptoms such as drenching night sweats and chest pain. One should also ask about patient's occupation, his diet, ventilation in the home and at his workplace, if he has had contact with anyone suffering from chronic cough, if he has been diagnosed with any health condition in the past which may affect his immunity such as HIV, if he uses recreational substances -such as if he smokes cigarettes and how often, and if he has travelled to or lives in an area that has reported cases of respiratory disease outbreaks. A physical examination should be done while looking out for fever, pallor, dehydration, wasting, body swellings, and difficulty in breathing. A blood sample should be taken for malaria parasite smear and full blood count and a sputum sample for microscopy, culture and drug sensitivity as well as GeneXpert test. A chest Xray should also be requested. Patient should be reviewed with investigation results and appropriate management instituted. Appropriate medication should be prescribed based on investigation results and may include anti-inflammatory medication.",Chest CT scan
2025-03-14 06:07:20.952695,b4a2c4da-ac24-47db-92e3-92cbe610e9a0,/mnt/multilingual_data/audio/Intron-Multimodal-Benchmarking/data/audio/chews/English/89d6c66a9417b43a16dcb512981d09a1_WsNe5QoJ.wav,120.0,fcdf9975-a701-4b29-9c4c-f29503a3bf9d,chew-queries,10IZ2LQD6F,878,"Patient Problem: Child continues to lose weight, Failure to gain, weight for more  than one month, with or without, loss of appetite",Malnutrition,132.0,"{""question"": ""{\""scenario\"": \""\"", \""healthText\"": \""She is eating very well but not shown on her body \"", \""difficulty\"": \""Medium\"", \""language\"": \""English\"", \""userId\"": \""John olusegun \"", \""topic\"": \""Malnutrition \""}"", ""answer"": ""The mother of the above described child should be reassured that as long as the child is eating well, he or she will add. The concept of catch up growth should also be explained to her.""}",,,d9afeecb-2159-4b14-b465-1bd8786cda53,Oyo-CHEW-Health-Questions,John olusegun ,Kings,Frank,kingskemji@gmail.com,LABELER,MAXED_OUT,26-40,Male,Igbo,Medicine,,Divine Favour Hospital,Licensed Professional,Nigeria,NG,132.0,0.0,132.0,0.0,"A Baby of 15 months of age brought to our facility for assessment there's a complaint of l losing weight for for 3 months ago. he has been eating very well, but still losing weight. no fever, no catarrh, not stooling, no diarrhea",0,,She is eating very well but not shown on her body ,50,"The mother of the above described child should be reassured that as long as the child is eating well, he or she will add. The concept of catch up growth should also be explained to her.",185.0,Medium,English,http://speech-app.s3.amazonaws.com/static/audio/uploads/fcdf9975-a701-4b29-9c4c-f29503a3bf9d/89d6c66a9417b43a16dcb512981d09a1_WsNe5QoJ.wav,,,,,,v3,,"A Baby of 15 months of age brought to our facility for assessment there's a complaint of l losing weight for for 3 months ago. he has been eating very well, but still losing weight. no fever, no catarrh, not stooling, no diarrheaShe is eating very well but not shown on her body ",ABabyof15monthsofagebroughttoourfacilityforassessmenttheresacomplaintofllosingweightforfor3monthsagohehasbeeneatingverywellbutstilllosingweightnofevernocatarrhnotstoolingnodiarrheaSheiseatingverywellbutnotshownonherbody,http://speech-app.s3.amazonaws.com/static/audio/uploads/fcdf9975-a701-4b29-9c4c-f29503a3bf9d/89d6c66a9417b43a16dcb512981d09a1_WsNe5QoJ.wav,41.36898,English,"A Baby of 15 months of age brought to our facility for assessment there's a complaint of l losing weight for for 3 months ago. he has been eating very well, but still losing weight. no fever, no catarrh, not stooling, no diarrhea",Yoruba,"Omo kekere ti o je osu marundinlogun ni a mu wa si ile iwosan wa fun ayewo nitori awon obi re ni won so wipe o n sanu lati osu meta seyin. O ti n jeun daadaa sugbon o si n sanu. Ko ni iba, ko ni ikolerun, ko n se igbe rirun, ko si ni arun jedojedo.",English,b4a2c4da-ac24-47db-92e3-92cbe610e9a0,audio/fcdf9975-a701-4b29-9c4c-f29503a3bf9d/89d6c66a9417b43a16dcb512981d09a1_WsNe5QoJ.wav,,,,audio/fcdf9975-a701-4b29-9c4c-f29503a3bf9d/89d6c66a9417b43a16dcb512981d09a1_WsNe5QoJ.wav,527cb35057a1fbcde0e56d3576718f7110d96b82f1451f909c8fe1b4e01b5e4f,b4a2c4da-ac24-47db-92e3-92cbe610e9a0,/home/azureuser/gabby_data_mls/Intron-Multimodal-Benchmarking/data/,True,"The mother of the above described child should be reassured that as long as the child is eating well, he or she will add. The concept of catch up growth should also be explained to her.",She is eating very well but not shown on her body
2025-01-28 10:39:58.778598,397ca719-95b1-40c9-86c1-bd78821f8747,/mnt/multilingual_data/audio/Intron-Multimodal-Benchmarking/data/audio/chews/English/beb02d0426e72f3d2beec61b35d88445_CJ70Iy4t.wav,240.0,1d84397d-fd90-4481-8ee8-7f4f2bd45cf7,chew-queries,4AKQ4G8DP8,9,"Patient Problem: Pustular rash with fever on, face and trunk, Loss of appetite",Skin,78.0,"{""question"": ""{\""scenario\"": \""A 23 years old female came to the facility with complaints of having fever, pustular rashes on her face and trunk with loss of appetite \"", \""healthText\"": \""What could be the cause of the rashes on her body\"", \""difficulty\"": \""Easy\"", \""language\"": \""English\"", \""userId\"": \""\"", \""topic\"": \""\""}"", ""answer"": ""There are several causes of pustular rashes with fever.\r\nThese include:\r\nChicken pox.\r\nStaphylococcal skin infection.\r\nSmall pox.\r\nMonkey Pox.\r\nMeasles.\r\nHypersensitivity reaction.""}",,,f424552c-819f-48a9-bf13-00e251507818,Bayelsa-CHEW-Health-Questions,,Clementine,Braide-Buseni,clemzycool4all@gmail.com,LABELER,ACTIVE,26-40,Female,Ijaw,Medicine,,"Niger Delta University Teaching Hospital, Okolobiri",Resident,"Yenagoa,  Bayelsa State, Nigeria",NG,112.0,4.0,116.0,0.03,"A 23 years old female came to the facility with complaints of having fever, pustular rashes on her face and trunk with loss of appetite ",136,0.514018691588785,What could be the cause of the rashes on her body,49,"There are several causes of pustular rashes with fever.
These include:
Chicken pox.
Staphylococcal skin infection.
Small pox.
Monkey Pox.
Measles.
Hypersensitivity reaction.",180.0,Easy,English,http://speech-app.s3.amazonaws.com/static/audio/uploads/1d84397d-fd90-4481-8ee8-7f4f2bd45cf7/beb02d0426e72f3d2beec61b35d88445_CJ70Iy4t.wav,,,,,A23yearsoldfemalecametothefacilitywithcomplaintsofhavingfeverpustularrashesonherfaceandtrunkwithlossofappetite,v2,,"A 23 years old female came to the facility with complaints of having fever, pustular rashes on her face and trunk with loss of appetite What could be the cause of the rashes on her body",A23yearsoldfemalecametothefacilitywithcomplaintsofhavingfeverpustularrashesonherfaceandtrunkwithlossofappetiteWhatcouldbethecauseoftherashesonherbody,,,,,,,,,audio/1d84397d-fd90-4481-8ee8-7f4f2bd45cf7/beb02d0426e72f3d2beec61b35d88445_CJ70Iy4t.wav,,,,,2d5a14e8bf6767a0268ad08dd55d87cff2743252c7082f3ac0dd8aec6876d1b8,397ca719-95b1-40c9-86c1-bd78821f8747,/home/azureuser/gabby_data_mls/Intron-Multimodal-Benchmarking/data/,True,"There are several causes of pustular rashes with fever.
These include:
Chicken pox.
Staphylococcal skin infection.
Small pox.
Monkey Pox.
Measles.
Hypersensitivity reaction.",It's possible that the rashes are a sign of an allergic reaction to something she's consumed.
