id,transcription,translation,language,speaker_id,gender,duration,source,audio_path,audio_root,hypothesis,reference
21934,"Nke ahụ dị mma. Ị maara ma ọ bụrụ na ị nwere ihe ọ bụla na-emetụta gị?  Ọgwụ, nri ma ọ bụ ihe ọ bụla?","That's OK. Do you know if you are allergic to anything?  Drug, food or anything?",igbo,3bdffd2ce09e130208d0f50ecd77323ca1c8280f3e06b3c9dea69ca6fb4556f5,Male,7.205999851226807,intron-MT,/mnt/multilingual_data/audio/Intron-Multimodal-Benchmarking/data/audio/intron/igbo/00146fa846b17c19cff565b8cba727e1_mPvtDZVb.wav,/home/azureuser/gabby_data_mls/Intron-Multimodal-Benchmarking/,"That's fine. Do you know if there's anything affecting you? Medicine, food, or anything else.","That's OK. Do you know if you are allergic to anything?  Drug, food or anything?"
19896,Hà dị anyị ize ndụ?,Are they dangerous to us?,igbo,4fafcc3a929ee764575a57bd8e85821dcff65521931612d3d4d19d227b888096,Male,1.2050000429153442,intron-MT,/mnt/multilingual_data/audio/Intron-Multimodal-Benchmarking/data/audio/intron/igbo/b6df578e75b8af05516627ea9029abb9_zvl3qdv7.wav,/home/azureuser/gabby_data_mls/Intron-Multimodal-Benchmarking/,They will give a good life.,Are they dangerous to us?
17921,Mana o na echem uche na onwere ihe na gahari e lebe anya. Abum ezigbo nkwụghachi. I nwere echiche obu na ?,But I worry there is something looming that is not being looked into.  I have always been a great compensator.   Any thoughts?,igbo,02d66eaec43f8f8c290d1c442ad8b8038e54857d2e97e11e8954dae21dd0c088,Female,9.927000045776367,intron-MT,/mnt/multilingual_data/audio/Intron-Multimodal-Benchmarking/data/audio/intron/igbo/81ac8a096ec9ef7cf047615b29c90432_8A09S5HX.wav,/home/azureuser/gabby_data_mls/Intron-Multimodal-Benchmarking/,"But anyone who thinks there is something going around to watch, I am a good babysitter for any thought.",But I worry there is something looming that is not being looked into.  I have always been a great compensator.   Any thoughts?
18923,"E nwere mgbagwoju anya maọbụ nchekwa, dịka nchefu nke ụbụrụ?","Any confusion or memory, like memory loss?",igbo,a8c0d3947221dbd0e79d593d04558a1cda4ec3b71d3a759d4136fede75264548,Female,4.843999862670898,intron-MT,/mnt/multilingual_data/audio/Intron-Multimodal-Benchmarking/data/audio/intron/igbo/5c9af6a7d66ac8fcb598dbca8c998be2_weehmfi7.wav,/home/azureuser/gabby_data_mls/Intron-Multimodal-Benchmarking/,I take this opportunity or reminder lest I forget.,"Any confusion or memory, like memory loss?"
19561,Ma mgbe ahụ enwere m mmetụta ahụ na-atọ ọchị ebe m na-eche ma m gafere akara ahụ.,And then I had that funny feeling where I wondered if I crossed the line.,igbo,c1764c4d3af652ee6ea83979f1c236cbac55ee0c6bc1538f7f9c503207870797,Female,6.748000144958496,intron-MT,/mnt/multilingual_data/audio/Intron-Multimodal-Benchmarking/data/audio/intron/igbo/1f8888679b918b255b980f35090a80cf_CU99YB9b.wav,/home/azureuser/gabby_data_mls/Intron-Multimodal-Benchmarking/,"Good morning everyone, I have that pleasant feeling as I think about the plate of Akara I’m really looking forward to.",And then I had that funny feeling where I wondered if I crossed the line.
20194,amaghim biko kedu ihe m ga -eme ? Degree ghotara nchegbu gi gafere nkowa gi. M na-atu aro ka i ghara ichegbu onwe gi nke ukwu. ,i dont know please what can i do?  Degree understand your concerns went through your details.  I suggest you not to worry much.,igbo,36217ada29eceac9de49229f931c4f87e246fa717258b972945028b013600ffa,Male,14.244999885559082,intron-MT,/mnt/multilingual_data/audio/Intron-Multimodal-Benchmarking/data/audio/intron/igbo/46c9901983824a6cb27c7eb1e28fa781_lWyCtHiv.wav,/home/azureuser/gabby_data_mls/Intron-Multimodal-Benchmarking/,"My fellow people, how are you doing? This morning's temperature here will give me the opportunity to tell you, I suggest that you continue to protect yourself during the day.",i dont know please what can i do?  Degree understand your concerns went through your details.  I suggest you not to worry much.
19749,Sicela uphumule kahle kakhulu.,Please rest very well.,igbo,f989023ca5a6147ffe9897a9f76834d33829fb3286feb5535ff45052c64d180a,Female,2.2920000553131104,intron-MT,/mnt/multilingual_data/audio/Intron-Multimodal-Benchmarking/data/audio/intron/igbo/711dead0d56bf13a73d309b93adc6479_d6591rcW.wav,/home/azureuser/gabby_data_mls/Intron-Multimodal-Benchmarking/,Because it fits well.,Please rest very well.
18350,"Mba, ọ bụghị na achọpụtala m, mba.","No, not that I've noticed, no.",igbo,820fad1fb80f133c48908afe7cc42e472b21aa17694667a6a674285ea9fd792c,Male,3.1410000324249268,intron-MT,/mnt/multilingual_data/audio/Intron-Multimodal-Benchmarking/data/audio/intron/igbo/52acefd50c33f1cccce96501b9716704_ICu2jXVA.wav,/home/azureuser/gabby_data_mls/Intron-Multimodal-Benchmarking/,"No, it's not that I have found a country.","No, not that I've noticed, no."
20984,Ị chere na a ka nwere ike igwọta m site na OCD m mgbe afọ a nile gasịrị?  Ị chere na ọnọdụ m ga-aka njọ ma ọ bụrụ na agaghị m achọ enyemaka ahụike.  Daalụ,Do you tnk that I can still be cured from my OCD after all ts year?  Do you tnk my condition will get worst if I will not seek medical help.  Thanks,igbo,76f32438a97d27c54458f3abfddb289032b798bcd434779b2cd0ff1369a65ab0,Female,14.545000076293944,intron-MT,/mnt/multilingual_data/audio/Intron-Multimodal-Benchmarking/data/audio/intron/igbo/b94d9799dae4013aa586ecf23394411d_ORmScSYY.wav,/home/azureuser/gabby_data_mls/Intron-Multimodal-Benchmarking/,"Do you think I will build for you as I told you in our house that we left? I am going to France and Lagos. Do you think it's in my hands, my girl, if we will have hope for ourselves within us? Thank you.",Do you tnk that I can still be cured from my OCD after all ts year?  Do you tnk my condition will get worst if I will not seek medical help.  Thanks
25379,"O ji nwayọọ nwayọọ kwụsị ije ije ma ncha. Mgbe ahụ, o nweghị ike ikwu okwu, nke nta nke nta ọ pụghị ịnọdụ ala ma o nweghị ike ijide ihe ọ bụla ma mgbe afọ abụọ gachara ọ nwụọ.","Slowly he stopped walking at all.  Then he couldn t talk, gradually he couldn t sit and was not able to hold anything and after 2 yrs he died.",igbo,d33b03c910280c81f8df93fbf20ede2d3aa2cb0868978d38435fa0013bc4292b,Female,17.51300048828125,intron-MT,/mnt/multilingual_data/audio/Intron-Multimodal-Benchmarking/data/audio/intron/igbo/0b233a5fd0008576efcb359e19fdb1cc_Vo8FgJ1W.wav,/home/azureuser/gabby_data_mls/Intron-Multimodal-Benchmarking/,"He was crawling slowly on his hands. He could not speak. Gradually, he could not sit up. He could not hold anything. But after two years, he died.","Slowly he stopped walking at all.  Then he couldn t talk, gradually he couldn t sit and was not able to hold anything and after 2 yrs he died."
17877,"Mkpagharia mee ufodu ihe metutara ares , okobam oku na afum ufu. Ndewo, Oko otiti toro gi na ike neanyi gi bu oya  yest inweburu kpatara ya.","When I walk and do activities that rub the Ares they itch really bad and hurt.  Hi, The itchy bump on your vagina could be due to yeast infection you had previously.",igbo,5c9a4ca2c7fd3380116b1c881249c612fe612f14412d32c8e81aa253f20c4e4d,Female,13.251999855041504,intron-MT,/mnt/multilingual_data/audio/Intron-Multimodal-Benchmarking/data/audio/intron/igbo/e363bc4738aa4eaf173293aa44753ea8_wypDBY8g.wav,/home/azureuser/gabby_data_mls/Intron-Multimodal-Benchmarking/,"Our people, I greet you for our time of meeting. I am very happy to see you. Greetings. It is wonderful that a woman will treat a yeast infection and it will be completely cleared.","When I walk and do activities that rub the Ares they itch really bad and hurt.  Hi, The itchy bump on your vagina could be due to yeast infection you had previously."
19568,Echere m na ị ga-achụpụ m n 'ezinụlọ.,I thought you were going to throw me out of the family.,igbo,c1764c4d3af652ee6ea83979f1c236cbac55ee0c6bc1538f7f9c503207870797,Female,1.8009999990463257,intron-MT,/mnt/multilingual_data/audio/Intron-Multimodal-Benchmarking/data/audio/intron/igbo/14ce5ae9bb1769755dbe656335e2bdbe_gD0z4Scx.wav,/home/azureuser/gabby_data_mls/Intron-Multimodal-Benchmarking/,"Itemeka, spit it out of your mouth.",I thought you were going to throw me out of the family.
19543,"N 'ọnọdụ ọzọ, a hụrụ nwatakịrị nwụrụ anwụ na eriri umbilical ya n' ime akpa dị na ọdụ ụgbọ oloko Yau Ma Tei site n 'aka nwanyị nhicha.","In another case, a dead baby with its umbilical cord intact was found in a bag in Yau Ma Tei subway station by a cleaning lady.",igbo,c1764c4d3af652ee6ea83979f1c236cbac55ee0c6bc1538f7f9c503207870797,Female,11.0,intron-MT,/mnt/multilingual_data/audio/Intron-Multimodal-Benchmarking/data/audio/intron/igbo/fb5f4df7dcde9c667377487a1dfa5f99_Z6t6vm0b.wav,/home/azureuser/gabby_data_mls/Intron-Multimodal-Benchmarking/,"In another line, that little boy was already eating his snack from a bag at the train station and was wiped clean by a woman's hand.","In another case, a dead baby with its umbilical cord intact was found in a bag in Yau Ma Tei subway station by a cleaning lady."
25411,"Okacha afu m ufu na mgbada afo n'aka nri m mana ebe niile n'afu m ufu. Ugba, ano m na nso nwaanyi m nke bidoro unya nke a n'eme ka ufu a na akawanye njo. ","It hurts most on the lower right side of my abdomen but the pain is everywhere.  Im also currently on my menstrual cycle, which began one day ago, which increases the pain.",igbo,e3bca94f72dccc7b9383e2ac990106b81ca1cc71ff5aacfaf671ef159389b3ed,Female,16.82900047302246,intron-MT,/mnt/multilingual_data/audio/Intron-Multimodal-Benchmarking/data/audio/intron/igbo/125f923d9074ecc575d4cfb0c83f3aef_8WfPQwEy.wav,/home/azureuser/gabby_data_mls/Intron-Multimodal-Benchmarking/,"It hurts most on the right side of my back, but everywhere hurts. Now I am on my period, which started yesterday, and this also makes the pain worse for a woman.","It hurts most on the lower right side of my abdomen but the pain is everywhere.  Im also currently on my menstrual cycle, which began one day ago, which increases the pain."
18775,"ma mgbe ahụ nke m, dịka, o nwere ihe ọ nwere ihe mgbochi onwe ya na-aga n 'ihu, dịka ihe m maara.","and then my, like, he's got he's got some autoimmune stuff going on, like that much I know.",igbo,c1764c4d3af652ee6ea83979f1c236cbac55ee0c6bc1538f7f9c503207870797,Female,9.116000175476074,intron-MT,/mnt/multilingual_data/audio/Intron-Multimodal-Benchmarking/data/audio/intron/igbo/c4207d9c243446062ace11672b1254d4_B7oHJYOZ.wav,/home/azureuser/gabby_data_mls/Intron-Multimodal-Benchmarking/,"I am Kim, as one who has a vision for what I carry in my heart, moving forward, as something beautiful.","and then my, like, he's got he's got some autoimmune stuff going on, like that much I know."
19025,"Ma ọ na-ada ka ihe siri ike? Ọ dịghị akpa ume ma ọ bụ obi ọnọdụ. Ị nọ n 'aka ekpe? Enweghị isi ọwụwa, mba.","And does it sound harsh? No lung or heart conditions. Are you left handed? no headaches, no.",igbo,f989023ca5a6147ffe9897a9f76834d33829fb3286feb5535ff45052c64d180a,Female,12.152999877929688,intron-MT,/mnt/multilingual_data/audio/Intron-Multimodal-Benchmarking/data/audio/intron/igbo/ff17b9553b766b203b911e1a84c63070_qqarKrSU.wav,/home/azureuser/gabby_data_mls/Intron-Multimodal-Benchmarking/,"Munada, see how strong it is. It doesn't affect me or the state of my mind. You are on the left. You don't have a headache, no.","And does it sound harsh? No lung or heart conditions. Are you left handed? no headaches, no."
17808,"Ka mgbe ihe niile a bidoro, e bidoro m inwe ihe ndi oyibo kpọrọ sleep apnea. Akpiri anaghi afụ m ụfụ, mana olu m na-ada aja aja mgbe ọbụla m na-ekwu okwu.","I have been having some sleep apnea issues since this all started.  My throat is not sore, but my voice is rough and raw-sounding.  It's hardly worth the effort to talk.",igbo,01c61d266bb841410efd5ae1ce6296b8b4a55ed1a23c8eb46f50d857288bf596,Female,12.434000015258787,intron-MT,/mnt/multilingual_data/audio/Intron-Multimodal-Benchmarking/data/audio/intron/igbo/0df487fbbe5258debf786575ef5fc7de_CV0hP4Ar.wav,/home/azureuser/gabby_data_mls/Intron-Multimodal-Benchmarking/,"Let me start it from the beginning. I started having what white people call sleep apnea. I couldn't sleep well, and my voice sounds hoarse whenever I am speaking.","I have been having some sleep apnea issues since this all started.  My throat is not sore, but my voice is rough and raw-sounding.  It's hardly worth the effort to talk."
18920,"Ọdịnma , um ya bu maka ya bụ ụkwara, ọ dị ka ụkwara anaghị akwapụta ihe maọbụ ụkwara nke a na-akwapụta ihe ?","OK, um so for the cough, is it like a dry cough or a wet cough?",igbo,a8c0d3947221dbd0e79d593d04558a1cda4ec3b71d3a759d4136fede75264548,Female,9.800000190734863,intron-MT,/mnt/multilingual_data/audio/Intron-Multimodal-Benchmarking/data/audio/intron/igbo/a406ed259c79987fcb63e34dccd4869c_D1xY9H5k.wav,/home/azureuser/gabby_data_mls/Intron-Multimodal-Benchmarking/,"Okay. Hm. It is about that first son. There are first sons who provide things, or a first son for whom things are provided.","OK, um so for the cough, is it like a dry cough or a wet cough?"
19901,Yabụ na m na-enyekwu ihe ọrụ.,So I'm giving extra functions to objects.,igbo,4fafcc3a929ee764575a57bd8e85821dcff65521931612d3d4d19d227b888096,Male,1.847000002861023,intron-MT,/mnt/multilingual_data/audio/Intron-Multimodal-Benchmarking/data/audio/intron/igbo/5caf4fa95ec972cc35e95d68ff127824_8weFsLrc.wav,/home/azureuser/gabby_data_mls/Intron-Multimodal-Benchmarking/,"My mother is a mother, oh mother.",So I'm giving extra functions to objects.
20994,"Ọgwụ mgbu bụ maka mgbakasị mgbaàmà.  A na-enyekarị ọgwụ mgbu n'abalị, n'ihi ya, mmadụ na-ehi ụra nke ọma.  Ọtụtụ mgbe ndị mmadụ na-ewere ya n'ụzọ ọzọ.  Rie ihe mgbu ahụ ma gaa n'ihu na-eji akụkụ ahụ.","Painkillers are for symptomatic relief.  Usually painkillers are administered in night, so person gets good sleep.  Usually people take it the other way.  Consume the painkillers and continue to use the limb.",igbo,76f32438a97d27c54458f3abfddb289032b798bcd434779b2cd0ff1369a65ab0,Female,18.77499961853028,intron-MT,/mnt/multilingual_data/audio/Intron-Multimodal-Benchmarking/data/audio/intron/igbo/4fd2a2e705859a38590b70a4e54a683c_pbockL7B.wav,/home/azureuser/gabby_data_mls/Intron-Multimodal-Benchmarking/,"Men and women, it is for our sake that we are striving. We seek to continue striving and moving forward. Everyone desires the best. Often, people encounter challenges. But what we can do is to keep moving forward in search of wealth.","Painkillers are for symptomatic relief.  Usually painkillers are administered in night, so person gets good sleep.  Usually people take it the other way.  Consume the painkillers and continue to use the limb."
20495,"Ázizarā anághi afúm ufú mana óna ebigidem n' efem, n'eme ka uche m noro na ya, o dighi nkeoma.",The lump isn't sore but I can feel my clothes pressed against it so I am always aware that it is there and it doesn't feel normal.,igbo,70aebfbf46d3e87adb6dd52ef3381c7ec77e8e5b8935595034c730d689d7d573,Female,8.168999671936035,intron-MT,/mnt/multilingual_data/audio/Intron-Multimodal-Benchmarking/data/audio/intron/igbo/9085d6796c15a884b07663a92c5837a7_5NPLf2SV.wav,/home/azureuser/gabby_data_mls/Intron-Multimodal-Benchmarking/,"Ada Zara, I am seeing myself in my dreams, but it's weighing me down in my affairs and hindering me in the work I'm doing, it's not good.",The lump isn't sore but I can feel my clothes pressed against it so I am always aware that it is there and it doesn't feel normal.
25070,"Mgbaàmà ndị ọzọ ga-agụnye: mgbu dị n'akụkụ aka nri m elu, ike ọgwụgwụ, akpa dị n'okpuru anya m, n'ime afọ gara aga ụbara ọdịda nke ntutu isi","Other symptoms would include pain in my upper right quad, tiredness, bags under my eyes, over the last yr incressed loss of hair.",igbo,6143b099a99251ecd94e80c9aebddaf0524c94136c648d120ef14a889fc7e76a,Female,11.25100040435791,intron-MT,/mnt/multilingual_data/audio/Intron-Multimodal-Benchmarking/data/audio/intron/igbo/54648687c6b66bc89e5c2525ca39ee9d_2CppsUJk.wav,/home/azureuser/gabby_data_mls/Intron-Multimodal-Benchmarking/,"Greetings to everyone. When it was on my upper right side, the healing case, the bag under my eye in the past years, it seemed to have a little twist.","Other symptoms would include pain in my upper right quad, tiredness, bags under my eyes, over the last yr incressed loss of hair."
20968,"N'ihi ihe ụfọdụ, esi m n'ebe ahụ pụọ ma gaa nyocha onwem ọzọ.  Ma na nke ugbu a, agara m na nke dọkịta ọzọ.","For some reasons, I ve moved from that place and went for a check up again.  But ts time, I went to another doctor.",igbo,76f32438a97d27c54458f3abfddb289032b798bcd434779b2cd0ff1369a65ab0,Female,9.906999588012695,intron-MT,/mnt/multilingual_data/audio/Intron-Multimodal-Benchmarking/data/audio/intron/igbo/bc097bd0414001d2a3a98aeeac815b72_nzHMpRBQ.wav,/home/azureuser/gabby_data_mls/Intron-Multimodal-Benchmarking/,"Mother, my face is swollen. See how it’s bulging here. I am going to urinate again. But for now, I am going to the doctor’s.","For some reasons, I ve moved from that place and went for a check up again.  But ts time, I went to another doctor."
19581,Ileghara ya anya.,Ignore it.,igbo,c1764c4d3af652ee6ea83979f1c236cbac55ee0c6bc1538f7f9c503207870797,Female,0.9169999957084656,intron-MT,/mnt/multilingual_data/audio/Intron-Multimodal-Benchmarking/data/audio/intron/igbo/0da0dbb8532ef51f8dc911aa403b52e0_zizgokLc.wav,/home/azureuser/gabby_data_mls/Intron-Multimodal-Benchmarking/,"Look, look.",Ignore it.
17846,"Na ikpeazua, o dika emeziela ya, mana na ubochi gara aga , enwere m mgbu ufurukpo. Mgbua di mgbe niile ma fuieaa ufu itule odidu","That finally seems to be getting sorted, but over the last few days I ve developed what I believe is diaphragm pain.  The pain is constant, and also sore to palpate.",igbo,5c9a4ca2c7fd3380116b1c881249c612fe612f14412d32c8e81aa253f20c4e4d,Female,14.56700038909912,intron-MT,/mnt/multilingual_data/audio/Intron-Multimodal-Benchmarking/data/audio/intron/igbo/58a4e1f65303b767b87164bb927205e7_IQUR6Bt6.wav,/home/azureuser/gabby_data_mls/Intron-Multimodal-Benchmarking/,"My people, it seems it has been settled, but in the past, I had a firstborn that was lost. Now, I have nine all at once.","That finally seems to be getting sorted, but over the last few days I ve developed what I believe is diaphragm pain.  The pain is constant, and also sore to palpate."
25212,Dọkịta eze m chọpụtara ya onwa gara aga wee sị m kwụsi ịta ñti m. Agbalị m go mu mana mgbe ọbụla ọ na-eme m taa ya.,My dentist noticed it a month ago and said stop biting my cheek.  I have tried by tend to do it still now and then.,igbo,3ad4fb9668f95e82d1a62f3ae2df37c5d294e777484d75dcd9893900474eca46,Male,8.256999969482422,intron-MT,/mnt/multilingual_data/audio/Intron-Multimodal-Benchmarking/data/audio/intron/igbo/ca2b88b9ebe8d38552ee89a2c99c521f_9cW5KwVH.wav,/home/azureuser/gabby_data_mls/Intron-Multimodal-Benchmarking/,"The children we are producing, those we are giving birth to in our world today, is it good or does it have a negative impact?",My dentist noticed it a month ago and said stop biting my cheek.  I have tried by tend to do it still now and then.
18921,"Na mgbe nke ahụ gasịrị, anyị nwere ike ịtụle ihe ndị ọzọ nwere ike ime.","and then after that, we can consider other potential possibilities.",igbo,a8c0d3947221dbd0e79d593d04558a1cda4ec3b71d3a759d4136fede75264548,Female,5.390999794006348,intron-MT,/mnt/multilingual_data/audio/Intron-Multimodal-Benchmarking/data/audio/intron/igbo/5926a156165eae408637b84d2f5cb16a_pJney279.wav,/home/azureuser/gabby_data_mls/Intron-Multimodal-Benchmarking/,"First, we will say, we can consider other things that can happen.","and then after that, we can consider other potential possibilities."
19600,Banyere inye ihe nchọpụta ma ọ bụ nọmba ID,About providing an identifier or ID number,igbo,c1764c4d3af652ee6ea83979f1c236cbac55ee0c6bc1538f7f9c503207870797,Female,3.401000022888184,intron-MT,/mnt/multilingual_data/audio/Intron-Multimodal-Benchmarking/data/audio/intron/igbo/9396df0f34535ab9e421f556960c14bf_5Uj7oi0K.wav,/home/azureuser/gabby_data_mls/Intron-Multimodal-Benchmarking/,Regarding giving us identification or an ID number.,About providing an identifier or ID number
18782,"N 'oge a, ọ gafeela ihe karịrị afọ atọ.","At this point, it's been more than three years.",igbo,74f8034cc9a452541a8bc1f3e117aa62656cd02ac4c78f11bf49dda51eeaf027,Female,5.357999801635742,intron-MT,/mnt/multilingual_data/audio/Intron-Multimodal-Benchmarking/data/audio/intron/igbo/1ff08d7f7132292afc3c68adf0b12662_q2xzqzJ9.wav,/home/azureuser/gabby_data_mls/Intron-Multimodal-Benchmarking/,"Welcome, it's been over three years.","At this point, it's been more than three years."
18784,"Agaghị m akwado ibuprofen ma ọ bụ NSAID na ogologo oge, n 'agbanyeghị na ị nwere ike iwere ndị ahụ ma ọ bụrụ na ị na-enwe dị ka nnukwu ọkụ nke ihe mgbu gị.","I wouldn't recommend ibuprofen or NSAIDs on a long term basis, although you could take those if you're having like an acute flare up of your pain.",igbo,74f8034cc9a452541a8bc1f3e117aa62656cd02ac4c78f11bf49dda51eeaf027,Female,14.187999725341797,intron-MT,/mnt/multilingual_data/audio/Intron-Multimodal-Benchmarking/data/audio/intron/igbo/357b48844770d0529338b9146393fe17_zkv8Tv5V.wav,/home/azureuser/gabby_data_mls/Intron-Multimodal-Benchmarking/,Taking ibuprofen or other NSAIDs for a long time can lead to you having health problems or even having something like stomach bleeding.,"I wouldn't recommend ibuprofen or NSAIDs on a long term basis, although you could take those if you're having like an acute flare up of your pain."
19891,"(Oyiyo) Onye nkọwa nwanyi: Enwere olile anya, olile anya na otu ubochi anyi ga emeri n'agha a megide obiri na aja ocha","(Video) Female Narrator: There is hope, hope that one day we shall win this fight against HIV and AIDS.",igbo,4fafcc3a929ee764575a57bd8e85821dcff65521931612d3d4d19d227b888096,Male,14.468999862670898,intron-MT,/mnt/multilingual_data/audio/Intron-Multimodal-Benchmarking/data/audio/intron/igbo/86c17dba65cf37249e04bea2fec158bf_9CPOFHnD.wav,/home/azureuser/gabby_data_mls/Intron-Multimodal-Benchmarking/,"My hand opens, shadow, my hand closes. Explainer of woman, my knocking hand. There is hope. Hope that one day we will win the title against my heavy heart.","(Video) Female Narrator: There is hope, hope that one day we shall win this fight against HIV and AIDS."
20589,"A gwalám ya ká odé daa ihe óghótara  gbásara nsoghu ndià, ngá wū àhà. Óría wū óría sugar, chronic obstructive pulmonary diseases(COPD) na kwá supraventricular tachycardia (SVT)","I have asked her to write down from her point of view about the problems and here it is.  Ailments are diabetic, chronic obstructive pulmonary disease (COPD), supraventricular tachycardia (SVT).",igbo,70aebfbf46d3e87adb6dd52ef3381c7ec77e8e5b8935595034c730d689d7d573,Female,16.33300018310547,intron-MT,/mnt/multilingual_data/audio/Intron-Multimodal-Benchmarking/data/audio/intron/igbo/12c3a6cb012b57956d2ad2cade707c8a_ADjneL9c.wav,/home/azureuser/gabby_data_mls/Intron-Multimodal-Benchmarking/,"First, let me clarify these illnesses, they are diabetes, chronic obstructive pulmonary disease, and supraventricular tachycardia.","I have asked her to write down from her point of view about the problems and here it is.  Ailments are diabetic, chronic obstructive pulmonary disease (COPD), supraventricular tachycardia (SVT)."
20489,"Kee mgbè ízu ûbochi, Í na enwè áfo ire ókú n'kwà ìké ogwugwu. Áfo ire ókú a agbasa hu ògwú.","Since a week you are having burning in the stomach, weakness, Your query is it necessary to see a doctor.  The burning in the stomach has nothing to do with the pills.",igbo,70aebfbf46d3e87adb6dd52ef3381c7ec77e8e5b8935595034c730d689d7d573,Female,7.381999969482422,intron-MT,/mnt/multilingual_data/audio/Intron-Multimodal-Benchmarking/data/audio/intron/igbo/38322f5817dc71b4ab4d374ea7d9676e_mjOxJqC7.wav,/home/azureuser/gabby_data_mls/Intron-Multimodal-Benchmarking/,Kembe Daily. You have Afrocore supporting the planting of cotton. Afrocore has expanded cotton.,"Since a week you are having burning in the stomach, weakness, Your query is it necessary to see a doctor.  The burning in the stomach has nothing to do with the pills."
19842,"Ma enwere ihe dị ka iwu mba ụwa, yabụ na ọ nweghị ụzọ ị ga-esi kwuo, “M na-ewere puku iri na nke ahụ agwụla.","And there is such a thing as international law, so there is no way you can say, ""I take 10,000 and that's finished.",igbo,65a5157d4476973e26d2232ae7b7b032cb5872a2468124f7db655b1e81764747,Female,17.94099998474121,intron-MT,/mnt/multilingual_data/audio/Intron-Multimodal-Benchmarking/data/audio/intron/igbo/f80fc3238447fb2180f636359e29ae67_sxO48sjM.wav,/home/azureuser/gabby_data_mls/Intron-Multimodal-Benchmarking/,"I have something like international law. That is, there is a way you will stamp it and my mark will appear. I have taken ten thousand and this has been counted.","And there is such a thing as international law, so there is no way you can say, ""I take 10,000 and that's finished."
19980,Enweghị mkparịta ụka ọ bụla gbasara ịbanye na European Union.,There's not even any discussions of it joining the European Union.,igbo,4fafcc3a929ee764575a57bd8e85821dcff65521931612d3d4d19d227b888096,Male,6.276999950408936,intron-MT,/mnt/multilingual_data/audio/Intron-Multimodal-Benchmarking/data/audio/intron/igbo/b43564191a99a452a9ee1eb10e698dd1_zOGPTf0k.wav,/home/azureuser/gabby_data_mls/Intron-Multimodal-Benchmarking/,I have no involvement whatsoever in joining the European Union.,There's not even any discussions of it joining the European Union.
17858,Anọ m na-enwe afọ mgbu nke na-abịa ma na-aga n'ebe bọtịnụ afọ m dị ihe dị ka inches abụọ n'elu bọtịnụ afọ m.,I have been having stomach pain that comes and goes right about mt belly button about two inches above my belly button.,igbo,35ea76bb264033e5cf598044c42de211771eae3afbf727fa77fb4e2dae1c58c4,Female,8.508999824523926,intron-MT,/mnt/multilingual_data/audio/Intron-Multimodal-Benchmarking/data/audio/intron/igbo/cdffb7dd2f406db2e53ee81aebd9fec3_qQNq6ryQ.wav,/home/azureuser/gabby_data_mls/Intron-Multimodal-Benchmarking/,"I thank you very much, both those coming and those going for my birthday, as well as the presentation of awards on my birthday.",I have been having stomach pain that comes and goes right about mt belly button about two inches above my belly button.
18773,"Ọdịmma, ma tupu nke ahụ, ị nwe ahụ dị mma?","OK, and before that you were feeling well?",igbo,a8c0d3947221dbd0e79d593d04558a1cda4ec3b71d3a759d4136fede75264548,Female,3.763999938964844,intron-MT,/mnt/multilingual_data/audio/Intron-Multimodal-Benchmarking/data/audio/intron/igbo/f8c940eb804fd130f003c881f61c414e_KATMrzFI.wav,/home/azureuser/gabby_data_mls/Intron-Multimodal-Benchmarking/,"Error processing /mnt/multilingual_data/audio/Intron-Multimodal-Benchmarking/data/audio/intron/igbo/f8c940eb804fd130f003c881f61c414e_KATMrzFI.wav: 500 INTERNAL. {'error': {'code': 500, 'message': 'Internal error encountered.', 'status': 'INTERNAL'}}","OK, and before that you were feeling well?"
20340,"Dókita ya gwárá ya ká ole obàrá sugar ya mgbè ahu mèga ya, ka omára na obàrá sugar adíghi obèrè.",His doctor told him to check his blood sugar when he was feeling this was to make sure his blood sugar wasnt too low.,igbo,70aebfbf46d3e87adb6dd52ef3381c7ec77e8e5b8935595034c730d689d7d573,Female,8.045000076293945,intron-MT,/mnt/multilingual_data/audio/Intron-Multimodal-Benchmarking/data/audio/intron/igbo/84e3ce4d271bb2f5caa849cc017dc687_ZfIG33Ak.wav,/home/azureuser/gabby_data_mls/Intron-Multimodal-Benchmarking/,"Jokot said I should tell her how much sugar she added. First, I will do it so she knows that the sugar she added was small.",His doctor told him to check his blood sugar when he was feeling this was to make sure his blood sugar wasnt too low.
17861,Enweela m ihe mgbu a na-aga n'ihu na colon m (Bracket oghe mpaghara afọ aka ekpe dị ala Bracket mkpuchi) ruo nwa oge. Ọ na-aka njọ. Anọkwa m na- enwe ọbara n'ime nsị m . ,I have had this continuous pain in my colon (lower left abdomen area) for quite a while.  It is getting worse.  I also have been having blood in my stool.,igbo,35ea76bb264033e5cf598044c42de211771eae3afbf727fa77fb4e2dae1c58c4,Female,14.57900047302246,intron-MT,/mnt/multilingual_data/audio/Intron-Multimodal-Benchmarking/data/audio/intron/igbo/782abbe68779adb9c852e29c2bd4cab1_Qys0z2hY.wav,/home/azureuser/gabby_data_mls/Intron-Multimodal-Benchmarking/,The world of my birth is that wealth was not counted for me (bracket open). My belly touched the ground (bracket close). Until the time of aging. My good birth has blood in my stool.,I have had this continuous pain in my colon (lower left abdomen area) for quite a while.  It is getting worse.  I also have been having blood in my stool.
20320,Mgbe dokinta óría mgbú m bidoro nyebe m nsogbu sí na o gaghi agwó m óría fibromyalgia o wee sí m ga chó dokinta ndi òkacha mara ozo ga enyere m aka gbasara oría mgbú.,Then my pain specialist was having trouble with me saying he didn t really deal with fibromyalgia patients and suggested maybe I look into a different pain management specialist.,igbo,fd52414f80ed42b3e036509bdd7bcdb52738c7bc208060d7ccd9e7b246276153,Female,12.189000129699709,intron-MT,/mnt/multilingual_data/audio/Intron-Multimodal-Benchmarking/data/audio/intron/igbo/df60b4a45f1aab47eae5eab764ee3c9b_igf1pkkI.wav,/home/azureuser/gabby_data_mls/Intron-Multimodal-Benchmarking/,"When that growth first started, I was in prison for five years, and my blood count was low. He then told me to go and seek out other specialist doctors who would help me regarding that growth.",Then my pain specialist was having trouble with me saying he didn t really deal with fibromyalgia patients and suggested maybe I look into a different pain management specialist.
17857,"Zere nnukwu nri, kama were obere nri ugboro ugboro. Echegbula onwe gị, ọ ga-adị mma. Enwere m olileanya na aza wo m ajụjụ gị. Na-achọ ezigbo ahụ ike nye nwa gị nwanyị. Daalụ. ","Avoid large meals, instead take frequent small meals.  Don't worry, she will be alright.  Hope I have solved your query.  Wishing good health to your daughter.  Thanks.",igbo,35ea76bb264033e5cf598044c42de211771eae3afbf727fa77fb4e2dae1c58c4,Female,14.954999923706056,intron-MT,/mnt/multilingual_data/audio/Intron-Multimodal-Benchmarking/data/audio/intron/igbo/330cb976e81daaac018aa7fe836738e7_CTFzxInJ.wav,/home/azureuser/gabby_data_mls/Intron-Multimodal-Benchmarking/,"0904348085. Obomiri. If you want to be the owner, it will be good. You are really interested in it, no questions asked. I want to take two of ours from our house. Thank you.","Avoid large meals, instead take frequent small meals.  Don't worry, she will be alright.  Hope I have solved your query.  Wishing good health to your daughter.  Thanks."
25382,"Ndewo, daalụ maka ịdegara Dọkịta Chat. Ọ ga-amasị m ịgwa gị maka ụfọdụ eziokwu gbasara amụghị nwa. Ihe mbụ n'ịtụrụ ime ị chọrọ akwa dị mma nke na-agbapụtakarị.","Hi, Thanks for writing to Chat Doctor.  I would like to tell you about some facts regarding infertility.  The first thing to conceive you need healthy eggs which ovulates normally.",igbo,d33b03c910280c81f8df93fbf20ede2d3aa2cb0868978d38435fa0013bc4292b,Female,17.97800064086914,intron-MT,/mnt/multilingual_data/audio/Intron-Multimodal-Benchmarking/data/audio/intron/igbo/0f09d0c46b0c40e786b4b2f8b476561e_PSnSzilp.wav,/home/azureuser/gabby_data_mls/Intron-Multimodal-Benchmarking/,"Hello, thank you for writing to Doctor Chat. I would like to tell you about some facts regarding childbearing. The first thing in getting pregnant is you need a good egg that is released.","Hi, Thanks for writing to Chat Doctor.  I would like to tell you about some facts regarding infertility.  The first thing to conceive you need healthy eggs which ovulates normally."
17802,"Kedu ihe m nwere ike ime maka ya, e nwere ike itughari ya? Ọ bụ nrụgide sitere na imeju abụba abụba ka ọ bụ ihe ọzọ dị ka nwughari acid? ",What can I do for it and is it reversible?  Is the pressure from fatty liver or something else like acid reflux?,igbo,35ea76bb264033e5cf598044c42de211771eae3afbf727fa77fb4e2dae1c58c4,Female,9.20199966430664,intron-MT,/mnt/multilingual_data/audio/Intron-Multimodal-Benchmarking/data/audio/intron/igbo/2aaf7fbc24728b9c3f9efac5a16beca8_6Dc8eemH.wav,/home/azureuser/gabby_data_mls/Intron-Multimodal-Benchmarking/,He has the whole world in His hands. He has you and me in His hands. He has the little baby in His hands. He has the whole world in His hands.,What can I do for it and is it reversible?  Is the pressure from fatty liver or something else like acid reflux?
17900,Dịka ihe dịka afọ atọ rue anọ nke alụmdinanwunye mụ na nwunye m. a chọpụtara m na anyị na-enwe nsogbu ịtụta ime. Ya mere m gaa mee nnyocha uhe mana a gwara m na e nwere m  uhe Immolle.,After maybe 3-4 years of marriage my wifeand i found that we were having problems concieving.So i went and had a sperm check and was told i had immoile sperms.,igbo,3bad234ceb51d333969c8ebb69478172616b5f02d233b1ac8acf96200bab0654,Female,19.94700050354004,intron-MT,/mnt/multilingual_data/audio/Intron-Multimodal-Benchmarking/data/audio/intron/igbo/cde88b39bee7f9572ba4a916100f4d3b_vKct3rlW.wav,/home/azureuser/gabby_data_mls/Intron-Multimodal-Benchmarking/,"For about three to four years, my wife and I lived together. I found out that we were having difficulty conceiving. So I went for a medical check-up, but I was told that I had a low sperm count.",After maybe 3-4 years of marriage my wifeand i found that we were having problems concieving.So i went and had a sperm check and was told i had immoile sperms.
20335,"Ekwesiri m iga n'izu uka ózó na bia nu mana kita, enwéghi m Ike igabiga odiri nsogbu a ózó. O gini mere? O bu na adim okè mmiri mmadu, gini Kam gee me.","I am supposed to go next week but now...I just can t go through that again.  What is wrong?  If I am oversenstive, what can I do?",igbo,70aebfbf46d3e87adb6dd52ef3381c7ec77e8e5b8935595034c730d689d7d573,Female,16.48699951171875,intron-MT,/mnt/multilingual_data/audio/Intron-Multimodal-Benchmarking/data/audio/intron/igbo/466eb97d71504d4830e23339aec27a85_g7Dw8iPE.wav,/home/azureuser/gabby_data_mls/Intron-Multimodal-Benchmarking/,"Error processing /mnt/multilingual_data/audio/Intron-Multimodal-Benchmarking/data/audio/intron/igbo/466eb97d71504d4830e23339aec27a85_g7Dw8iPE.wav: 500 INTERNAL. {'error': {'code': 500, 'message': 'Internal error encountered.', 'status': 'INTERNAL'}}","I am supposed to go next week but now...I just can t go through that again.  What is wrong?  If I am oversenstive, what can I do?"
21922,"Oge. Ọ dị mma, gịnị... kpọmkwem.","hours. OK, what... exactly.",igbo,3bdffd2ce09e130208d0f50ecd77323ca1c8280f3e06b3c9dea69ca6fb4556f5,Male,3.651000022888184,intron-MT,/mnt/multilingual_data/audio/Intron-Multimodal-Benchmarking/data/audio/intron/igbo/b20148f355b1bc6cceab977d29e2bc29_NNorPgHb.wav,/home/azureuser/gabby_data_mls/Intron-Multimodal-Benchmarking/,"Okay, it's fine, what? It's me.","hours. OK, what... exactly."
20684,Ọ dị mma ma ọ bụrụ na dọkịta gị chere na ị dara mba n'obi / na-enwe nchekasị ma nwee isi ọwụwa. Ma na paracetamol nkịtị nwere ike inye aka ma ọ bụrụ na ọ bụ isi ọwụwa mfe. I nwere ahụ ọkụ?,It is ok if your doc feels you are depressed/ stressed and have headache.  But plain paracetamol may help if it is simple headache.  Do you have fever?,igbo,d33b03c910280c81f8df93fbf20ede2d3aa2cb0868978d38435fa0013bc4292b,Female,19.756000518798828,intron-MT,/mnt/multilingual_data/audio/Intron-Multimodal-Benchmarking/data/audio/intron/igbo/ed38f6e71230424fbc9b62c3096181fe_NCTpxyYD.wav,/home/azureuser/gabby_data_mls/Intron-Multimodal-Benchmarking/,"It's good if your doctor thinks you are depressed and have anxiety and a headache, but ordinary paracetamol can help if it's a mild headache. You can find more peace of mind if you look at the NHS website.",It is ok if your doc feels you are depressed/ stressed and have headache.  But plain paracetamol may help if it is simple headache.  Do you have fever?
21967,"Ọ dị mma, ọ bụ oge nkwụsịtụ.
Ọ dị mma, ị ṅụrụ ihe ọ bụla maka ahụ ọkụ ahụ?","OK, it’s been Intermittent.
OK did you take anything for the fever?",igbo,820fad1fb80f133c48908afe7cc42e472b21aa17694667a6a674285ea9fd792c,Male,8.0649995803833,intron-MT,/mnt/multilingual_data/audio/Intron-Multimodal-Benchmarking/data/audio/intron/igbo/2037b415871299c5062878e880793567_fxEtN4Yv.wav,/home/azureuser/gabby_data_mls/Intron-Multimodal-Benchmarking/,It's fine. It's time for a break. It's fine. Have you heard anything about that new one?,"OK, it’s been Intermittent.
OK did you take anything for the fever?"
20200,Nwa m di afo iri na isi malitere inwu ogwu pill levlen na ubochi nke abuo na onwa janurary na afo 2013 mana n'ime izu abuo gara aga o na enwe oke echiche na ezigbote ujo juru ya ahu. ,My 16 year old started the pill Levlen on the 2/1/13 and in the past 2 weeks has been getting very anxious and experiencing panic attacks.,igbo,36217ada29eceac9de49229f931c4f87e246fa717258b972945028b013600ffa,Male,21.054000854492188,intron-MT,/mnt/multilingual_data/audio/Intron-Multimodal-Benchmarking/data/audio/intron/igbo/4bfcc9f8457e11738b129c3edcb39cfe_jvkSG88a.wav,/home/azureuser/gabby_data_mls/Intron-Multimodal-Benchmarking/,"For about 16 years I have lived here in Imo State, I have given birth to children under two administrations, in January 2013, but in the past two years, there has been excessive greed and real evil.",My 16 year old started the pill Levlen on the 2/1/13 and in the past 2 weeks has been getting very anxious and experiencing panic attacks.
19983,Okwu izizi ntụgharị asụsụ,Translation Original Quote,igbo,4fafcc3a929ee764575a57bd8e85821dcff65521931612d3d4d19d227b888096,Male,1.628999948501587,intron-MT,/mnt/multilingual_data/audio/Intron-Multimodal-Benchmarking/data/audio/intron/igbo/5696f257a4f6aa89694a2eec66d230ed_lOnYeTO1.wav,/home/azureuser/gabby_data_mls/Intron-Multimodal-Benchmarking/,It speaks sizzle to our ears only.,Translation Original Quote
17735,"Ihe ndị na-akpata ya nwere ike ịbụ ihe ọ bụla site na ihe ị riri na ihe dị mfe dị ka ihe onwunwe nke ma eleghị anya ihe ọhụrụ nke uwe.

.",Triggers could be anything from something you have eaten to something simple like the material of maybe a new item of clothing.,igbo,35ea76bb264033e5cf598044c42de211771eae3afbf727fa77fb4e2dae1c58c4,Female,8.39900016784668,intron-MT,/mnt/multilingual_data/audio/Intron-Multimodal-Benchmarking/data/audio/intron/igbo/ab29997b3ced623be491c1f9d3088cbe_zYC0fYr5.wav,/home/azureuser/gabby_data_mls/Intron-Multimodal-Benchmarking/,"We have been expecting it, it has finally come to pass, from what we saw and things that happened like children, which has made us have something new of our own.",Triggers could be anything from something you have eaten to something simple like the material of maybe a new item of clothing.
20585,"Na enwéghi otutu onye mmeko, mmadu nwéré íke ibute óría HSV2  ngá ónwere otú onye mmeko wéré óría HSV2 n'ahu ya.",Though you do not have multiple partners one can HSV 2 infection with a single partner who has dormant HSV 2 infection.,igbo,70aebfbf46d3e87adb6dd52ef3381c7ec77e8e5b8935595034c730d689d7d573,Female,10.878999710083008,intron-MT,/mnt/multilingual_data/audio/Intron-Multimodal-Benchmarking/data/audio/intron/igbo/4ee40870bfba8e542c793577ff3aa08c_tZusnJMi.wav,/home/azureuser/gabby_data_mls/Intron-Multimodal-Benchmarking/,"Sir, I have a partner. Can someone contract HSV2 if I have a partner who has HSV2 in their body?",Though you do not have multiple partners one can HSV 2 infection with a single partner who has dormant HSV 2 infection.
19979,"N'ezie, maka anyị ụmụ nwanyị, ọtụtụ ụbọchị na-esiri ike ma na-egbu mgbu n'ihi na anyị ka na-ebi n'ọnọdụ ebe, n'otu ụzọ ma ọ bụ ọzọ, ụdị ime ihe ike ọ bụla megide anyị na-ahapụ mgbe niile.","In truth, for us women, many days are difficult and painful because we still live in a context where, in one way or another, all types of violence against us are always excused.",igbo,4fafcc3a929ee764575a57bd8e85821dcff65521931612d3d4d19d227b888096,Male,17.38599967956543,intron-MT,/mnt/multilingual_data/audio/Intron-Multimodal-Benchmarking/data/audio/intron/igbo/8d2cb500dbdf2ad90e7421d1a73883df_7GAKchYR.wav,/home/azureuser/gabby_data_mls/Intron-Multimodal-Benchmarking/,"Look, for us women, every morning is difficult, and also carrying burdens in the things we still live in, in one way or another, any kind of impact against us is called a setback.","In truth, for us women, many days are difficult and painful because we still live in a context where, in one way or another, all types of violence against us are always excused."
19596,"Daalụ, aga m eche.","Thank you, I'll wait'.",igbo,c1764c4d3af652ee6ea83979f1c236cbac55ee0c6bc1538f7f9c503207870797,Female,2.0810000896453857,intron-MT,/mnt/multilingual_data/audio/Intron-Multimodal-Benchmarking/data/audio/intron/igbo/412594cb6a135e979538e3ea3b2b02c4_MGWYT6hY.wav,/home/azureuser/gabby_data_mls/Intron-Multimodal-Benchmarking/,"Thank you, I'm going.","Thank you, I'll wait'."
25385,"Mgbe m dị obere, echeghị m banyere nke a, m na-esegoro uwe ogologo ọkpa m, saa aka m wee pụta.","When I was younger I didn't ever think about this, I would just pull up my trousers, wash my hands and get out.",igbo,d33b03c910280c81f8df93fbf20ede2d3aa2cb0868978d38435fa0013bc4292b,Female,10.447999954223633,intron-MT,/mnt/multilingual_data/audio/Intron-Multimodal-Benchmarking/data/audio/intron/igbo/f9d16b5e474ae034067a095f8e65ebb3_BONeDGsS.wav,/home/azureuser/gabby_data_mls/Intron-Multimodal-Benchmarking/,"Bube, I thought I would have been done by now, I am still sewing the long gown, I will bring it out once I am done.","When I was younger I didn't ever think about this, I would just pull up my trousers, wash my hands and get out."
17889,"Ekwesịrị m ịhụ dọkịta ụmụaka ọzọ? Cyst n'ime nwata? Biko echegbula onwe gị ma ọlị! Ndewo! Daalụ maka ịdegara anyị akwụkwọ na ịkọwa nsogbu ahụike/ahụike nwa gị nwoke!
",Should I see another pediatrician?  Cyst in a child?  Please don't worry at all!  Hi!  Thanks for writing to us and describing your sons' health/physical problem with us!,igbo,3bad234ceb51d333969c8ebb69478172616b5f02d233b1ac8acf96200bab0654,Female,18.410999298095703,intron-MT,/mnt/multilingual_data/audio/Intron-Multimodal-Benchmarking/data/audio/intron/igbo/77d8ce2c09cd1bddd5f553e4bd6e8235_SdtJLd0T.wav,/home/azureuser/gabby_data_mls/Intron-Multimodal-Benchmarking/,"I went to see another pediatrician. Cyst in a child. Please, how are you? Hello, thank you for writing to us and explaining your son's health problem.",Should I see another pediatrician?  Cyst in a child?  Please don't worry at all!  Hi!  Thanks for writing to us and describing your sons' health/physical problem with us!
20875,"Ndewo, mam maazi mgbede ọma. .m chọrọ ịjụ gbasara mmetụta m na-enwe ugbua. .m na-enwe ụtangwere, ọkọ nakwa ihe mgbu na mgbago ụkwụ m? Kedụ ihe bụ ihe mgbu a?","hi mam sir good evening. .i just want to ask about what i feel now. .i feel numb ,itching and pain in my upper leg? what is this pain?",igbo,d33b03c910280c81f8df93fbf20ede2d3aa2cb0868978d38435fa0013bc4292b,Female,14.72700023651123,intron-MT,/mnt/multilingual_data/audio/Intron-Multimodal-Benchmarking/data/audio/intron/igbo/1d4fa7a7fc4c790fd76cfa0d22a5082e_p9rLHRWj.wav,/home/azureuser/gabby_data_mls/Intron-Multimodal-Benchmarking/,"Greetings, sir. I am doing well. I want to ask about symptoms I am experiencing now. I have a rash, itching, and also a swelling in my groin area. What is the cause of this swelling?","hi mam sir good evening. .i just want to ask about what i feel now. .i feel numb ,itching and pain in my upper leg? what is this pain?"
17856,Iri iko mkpụrụ osisi abụọ a tụrụ aro na iko akwụkwọ nri abụọ na ọkara kwa ụbọchị nwere ike inyere gị aka iri ọtụtụ mineral a dị mkpa. ,Eating the recommended 2 cups of fruit and 2 1/2 cups of vegetables each day can help you consume plenty of this essential mineral.,igbo,35ea76bb264033e5cf598044c42de211771eae3afbf727fa77fb4e2dae1c58c4,Female,10.614999771118164,intron-MT,/mnt/multilingual_data/audio/Intron-Multimodal-Benchmarking/data/audio/intron/igbo/4ed7369ac26af78f17c9cb72ae4330c3_Yfc8O9Mw.wav,/home/azureuser/gabby_data_mls/Intron-Multimodal-Benchmarking/,Eating two servings of fruit and two servings of vegetables per day can help you consume many minerals and vitamins.,Eating the recommended 2 cups of fruit and 2 1/2 cups of vegetables each day can help you consume plenty of this essential mineral.
25064,Achọrọ m ọgwụ ga-enye m aka ruo mgbe ebighị ebi ka m nwee ike ịlaghachi n'egwuregwu na ọmụmụ ihe m. Ị nwere ike ịtụ aro ụfọdụ ezigbo ọgwụ nwere ike inyere m aka kpamkpam,I want some medicine which can relieve me permanently and I can get back with my sports and studies.  Can you suggest me some good medicine which can help me permanently.,igbo,430c3a0831e851f4fc258a68d67d2adf2bdab97bb505be6529e403aa8c2b3228,Female,12.376999855041504,intron-MT,/mnt/multilingual_data/audio/Intron-Multimodal-Benchmarking/data/audio/intron/igbo/f1d1ab00c12b06bf00516dd45d091d2d_1rJyot5Y.wav,/home/azureuser/gabby_data_mls/Intron-Multimodal-Benchmarking/,"I want some suggestions for the room I will be living in, so that I can look around thoroughly at what I am doing; you can give some very good suggestions that could help me quickly.",I want some medicine which can relieve me permanently and I can get back with my sports and studies.  Can you suggest me some good medicine which can help me permanently.
17830,O na adi m ka afo n'anyi m aro mgbaputa m di ocha yana obere oko n'okirikiri ikpu m mana onweghi isi,I also have a feeling of heavyness in my belly there has been a clear discharge and a light itching in my vaginal area but no odor .,igbo,6ebbf275217dd14153499a8eaf5732cf606dd730e4658373cbc26b56b466eff8,Male,7.025000095367432,intron-MT,/mnt/multilingual_data/audio/Intron-Multimodal-Benchmarking/data/audio/intron/igbo/9374c99407e167803f85a62b7ee624cb_IX5bOmj5.wav,/home/azureuser/gabby_data_mls/Intron-Multimodal-Benchmarking/,"It feels like I am seeing my body, I came out clean, with a small fire around my heart and a headache.",I also have a feeling of heavyness in my belly there has been a clear discharge and a light itching in my vaginal area but no odor .
18984,"Ma na-arụsi ọrụ ike, ọ malitere ụbọchị atọ gara aga.","And busy so, it started three days ago.",igbo,348908c6d855630284fd320757ad1a4df184a10c1088a296ce011f2208cfcd56,Male,4.031000137329102,intron-MT,/mnt/multilingual_data/audio/Intron-Multimodal-Benchmarking/data/audio/intron/igbo/42ab18539935b0d2f260e011aa9f9e0f_F5XNhFU3.wav,/home/azureuser/gabby_data_mls/Intron-Multimodal-Benchmarking/,"But it was tough, it produced a robot some time ago.","And busy so, it started three days ago."
18767,"Ọdịnma , echiche nke ụtọ m na-ebelata, egbugbere ọnụ ịkpọ nkụ, nnachite asidi, na nsogbu mgbịrịgbị afọ, na ọzọ enwere m nsogbu iku ume, na mmeghachi omume nyere ihe dịka erosọlụ. ","Well, my sense of taste is diminished, dry mouth, acid reflux, and G I issues, and then I have asthma, and reactions to things like aerosols.",igbo,a8c0d3947221dbd0e79d593d04558a1cda4ec3b71d3a759d4136fede75264548,Female,18.451000213623047,intron-MT,/mnt/multilingual_data/audio/Intron-Multimodal-Benchmarking/data/audio/intron/igbo/eb66c5399d659ef757d0abd20571fed9_8BPlbbS2.wav,/home/azureuser/gabby_data_mls/Intron-Multimodal-Benchmarking/,"Okay, my sense of taste is decreasing, it started at the harbor, rising acidity, and stomach ulcer problems, furthermore, I have difficulty breathing, and I didn't see anything like an aerosol.","Well, my sense of taste is diminished, dry mouth, acid reflux, and G I issues, and then I have asthma, and reactions to things like aerosols."
25315,"Ugbu a ọ dị afọ iri atọ na otu, nwee ụmụ atọ, n'ọnwa ole na ole gara aga, ọ na-enwe ntụpọ na  mgbakasị ahụ ruo otu ụbọchị ozugbo oge ịhụ nsọ ya gasịrị.","Now she is 31, has had three kids, and for the last few months has spotted and cramped for one day right after her period ends.",igbo,430c3a0831e851f4fc258a68d67d2adf2bdab97bb505be6529e403aa8c2b3228,Female,12.687999725341797,intron-MT,/mnt/multilingual_data/audio/Intron-Multimodal-Benchmarking/data/audio/intron/igbo/c40a8a5096a51803a765246f0a2d56a2_rnSHJpwm.wav,/home/azureuser/gabby_data_mls/Intron-Multimodal-Benchmarking/,"Uwa is thirty-eight years old and she got married not long ago. She had spotting for a long time, until one day immediately after her period ended.","Now she is 31, has had three kids, and for the last few months has spotted and cramped for one day right after her period ends."
25306,"Emeela m nyocha ara nke onwe na ọ nweghị ihe ọ bụla, mana enwere m nchegbu? Ndewo, Naanị ọnụnọ ọnụ ara tụgharịrị enweghị uru ọ bụla.","I ve done the usual self breast examine and nothing out of the ordinary, but should I be concerned?  Hello, Just presence of inverted nipple doesn't have any significance.",igbo,430c3a0831e851f4fc258a68d67d2adf2bdab97bb505be6529e403aa8c2b3228,Female,12.12399959564209,intron-MT,/mnt/multilingual_data/audio/Intron-Multimodal-Benchmarking/data/audio/intron/igbo/259d5360da9c32db504bbf2bbf3d4ad6_taYALgis.wav,/home/azureuser/gabby_data_mls/Intron-Multimodal-Benchmarking/,"I have finished extracting the palm oil, there is nothing, but I am worried. Greetings and salt in the breast milk; turned around, there was no benefit at all.","I ve done the usual self breast examine and nothing out of the ordinary, but should I be concerned?  Hello, Just presence of inverted nipple doesn't have any significance."
19018,"Mba, OK. ma ha, mgbe ị na-eku ume, ị nwere dị ka a pneumonia ma ọ bụ ọrịa na i nwere iji nweta ọgwụ nje maka ihe ọ bụla ma ọ bụ ihe ọ bụla dị otú ahụ?","No, OK. and did they, when you were having shortness of breath, did you have a like a pneumonia or infection that you had to get antibiotics for any or anything like that?",igbo,f989023ca5a6147ffe9897a9f76834d33829fb3286feb5535ff45052c64d180a,Female,15.532999992370604,intron-MT,/mnt/multilingual_data/audio/Intron-Multimodal-Benchmarking/data/audio/intron/igbo/cbbea0fc0ee492b29f11da9e5fdbb60f_fUVCdhNc.wav,/home/azureuser/gabby_data_mls/Intron-Multimodal-Benchmarking/,"Um, okay. But come and tell me. It's as if I was there or what you got out of it. Because of anything or anything like that.","No, OK. and did they, when you were having shortness of breath, did you have a like a pneumonia or infection that you had to get antibiotics for any or anything like that?"
18857,"Ndewo eeh ya bụ mụ, abịara m ebe a nnọọ tata maka na ọ na-adị m ka m nwee olu mgbu n'ezie n'izu ụka gara aga, na ana m enwetabukwa ụfọdụ oyi n'ụfọdụ abalị gara aga.","Hi yeah so I, I just came here today because I've just been feeling like I have this really sore throat for the last week, and I've also been getting some chills over the last few nights as well.",igbo,a8c0d3947221dbd0e79d593d04558a1cda4ec3b71d3a759d4136fede75264548,Female,14.130999565124512,intron-MT,/mnt/multilingual_data/audio/Intron-Multimodal-Benchmarking/data/audio/intron/igbo/5136cd6a6f9a3431b801fda794f9b4f7_wGZ2Xiv3.wav,/home/azureuser/gabby_data_mls/Intron-Multimodal-Benchmarking/,"Hello. So I came here this morning because I felt like I had a sore throat last week, and I've also been having some chills some nights ago.","Hi yeah so I, I just came here today because I've just been feeling like I have this really sore throat for the last week, and I've also been getting some chills over the last few nights as well."
19552,Ọ bụ ihe ọjọọ ahụ niile ’,Was it all that bad’,igbo,c1764c4d3af652ee6ea83979f1c236cbac55ee0c6bc1538f7f9c503207870797,Female,1.746000051498413,intron-MT,/mnt/multilingual_data/audio/Intron-Multimodal-Benchmarking/data/audio/intron/igbo/5cffb82f86666630a97e866d2043d7ae_efgk3Wop.wav,/home/azureuser/gabby_data_mls/Intron-Multimodal-Benchmarking/,Who is the traveler seen in the house?,Was it all that bad’
17841,"O na-aga ije n'enweghi enyemaka na inya ugbo ala ugbua, mana ume agwula ya nke ukwuu. O nwere ihe ga-enyere aka ka o laghachi? Daalu nke ukwuu, Susan","He is able to walk unaided and even able to drive now, but still not much stamina is there something to help that return? many thanksSusan",igbo,9491373184a86b66a4534e8e3934fa542fdf12a823f76f87ee9c1ac4afded6fe,Female,13.13599967956543,intron-MT,/mnt/multilingual_data/audio/Intron-Multimodal-Benchmarking/data/audio/intron/igbo/a1ec2018e42f184aa29bb77436f3e530_zfC81xAJ.wav,/home/azureuser/gabby_data_mls/Intron-Multimodal-Benchmarking/,"It is moving forward with help, giving to the world, but the people have left it significantly. There is something that will help it return. Thank you very much, Susan.","He is able to walk unaided and even able to drive now, but still not much stamina is there something to help that return? many thanksSusan"
25207,ntutu isi dị n'akụkụ ahụ ometutara na-adasịsị. Ihe okụ okụ ahụ agbasabeghị onye ọbụla nọ n'ụlọ. Ihe ọkụ ọkụ ahụ bidoro na afọ puku abụọ na abụọ.,Body hair in the affected areas falls out.  The rash has not spread to anyone else in the house.  The rash started in 2002.,igbo,3ad4fb9668f95e82d1a62f3ae2df37c5d294e777484d75dcd9893900474eca46,Male,10.751999855041504,intron-MT,/mnt/multilingual_data/audio/Intron-Multimodal-Benchmarking/data/audio/intron/igbo/405b0b398cf6ac89f7ff32f62a574d35_sedtMW0K.wav,/home/azureuser/gabby_data_mls/Intron-Multimodal-Benchmarking/,The headlines of our news this morning in the Igbo language. The main issue is Nnamdi Kanu's court case. Because Nnamdi Kanu will appear in court today.,Body hair in the affected areas falls out.  The rash has not spread to anyone else in the house.  The rash started in 2002.
20871,"O zigara m onye dibia bekee na-ahụ maka ahụ ike nke obi n'ememme M lara n'ụlọ & enwere m nkụchi obi. Dibịa bekee ahụ anọghị m nso, n'ihi ya ahụghị m ya.","He referred me to a cardiologists in the event I went home & I had a heart attack.  That doctor was out of my network, so I didn't see him.",igbo,d33b03c910280c81f8df93fbf20ede2d3aa2cb0868978d38435fa0013bc4292b,Female,16.62700080871582,intron-MT,/mnt/multilingual_data/audio/Intron-Multimodal-Benchmarking/data/audio/intron/igbo/54fa7dd2d9be3118c487ba48febe276c_yeFQUolW.wav,/home/azureuser/gabby_data_mls/Intron-Multimodal-Benchmarking/,"Immediately after my cardiologist was through, I went home and I had a heart attack. The cardiologist was not near me, based on what he saw.","He referred me to a cardiologists in the event I went home & I had a heart attack.  That doctor was out of my network, so I didn't see him."
20334,"Itinye n' uche gbásara mkpótú a obi gi n'eme n'kwà obi ijiko a, óga bukwa  n' Ono ime akpá obi. I gam asi ka eme nyocha nke ime obi imata ka ime obi gi is aru n'kwà otú obi gi noó","Considering your heart murmur and this possible calcification, which could be in the heart valves, I would recommend performing a cardiac ultrasound to examine your heart function and structure.",igbo,70aebfbf46d3e87adb6dd52ef3381c7ec77e8e5b8935595034c730d689d7d573,Female,23.358999252319336,intron-MT,/mnt/multilingual_data/audio/Intron-Multimodal-Benchmarking/data/audio/intron/igbo/f7c97fc7e552206469a6b13109a72a10_EVFSXthZ.wav,/home/azureuser/gabby_data_mls/Intron-Multimodal-Benchmarking/,"Wait, Itienu, regarding what your heart is doing and the heart you have. It will also be what is inside your heart. I would say that you should examine the inside of your heart, to know how your heart works and how your heart is.","Considering your heart murmur and this possible calcification, which could be in the heart valves, I would recommend performing a cardiac ultrasound to examine your heart function and structure."
21878,"Kedụ maka ugboro ole o na nyụ mmamịrị, ọ gbanweela?","How about the frequency of urination, has it changed?",igbo,3bdffd2ce09e130208d0f50ecd77323ca1c8280f3e06b3c9dea69ca6fb4556f5,Male,3.703000068664551,intron-MT,/mnt/multilingual_data/audio/Intron-Multimodal-Benchmarking/data/audio/intron/igbo/f9af7ffbcf88d70d2b39c949d783d66b_WUaGLs9q.wav,/home/azureuser/gabby_data_mls/Intron-Multimodal-Benchmarking/,How about the brain of a bedwetter? Is it okay?,"How about the frequency of urination, has it changed?"
19019,"Enweela m ọdịda ovarian tupu oge eruo, ma ewerela m HRT.","I've had premature ovarian failure, and I've taken HRT.",igbo,f989023ca5a6147ffe9897a9f76834d33829fb3286feb5535ff45052c64d180a,Female,5.908999919891357,intron-MT,/mnt/multilingual_data/audio/Intron-Multimodal-Benchmarking/data/audio/intron/igbo/60559362276278e388fa68e1a8b894f3_lYloXKUj.wav,/home/azureuser/gabby_data_mls/Intron-Multimodal-Benchmarking/,"I experienced ovarian failure before it was time, and I have taken HRT.","I've had premature ovarian failure, and I've taken HRT."
20356,"Abiala m na ogwu placebo ozo (ha malitere na ubochi Tuzde, n'onwa Mee iri abuo na ano) mana enwetabeghi m oge nso m. O na-enye m nsogbu na m nwere ike idi ime -- gini bu echiche gi?","I've come around to the the placebo pills again (they started on Tuesday, May 24th) but I haven't gotten my period yet.  I'm worried I might be pregnant--what's your opinion?",igbo,9491373184a86b66a4534e8e3934fa542fdf12a823f76f87ee9c1ac4afded6fe,Female,13.005999565124512,intron-MT,/mnt/multilingual_data/audio/Intron-Multimodal-Benchmarking/data/audio/intron/igbo/694b2aea03e67dfa9b18488609b45648_In2Amu99.wav,/home/azureuser/gabby_data_mls/Intron-Multimodal-Benchmarking/,"I reached climax, please. We started on Tuesday, May 24. But I haven't seen my period yet. I'm worried that I might be pregnant. What do you think?","I've come around to the the placebo pills again (they started on Tuesday, May 24th) but I haven't gotten my period yet.  I'm worried I might be pregnant--what's your opinion?"
19975,Reyder ji mkparị jụọ ụmụazụ ya,Reyder asked her followers sarcastically.,igbo,4fafcc3a929ee764575a57bd8e85821dcff65521931612d3d4d19d227b888096,Male,3.821000099182129,intron-MT,/mnt/multilingual_data/audio/Intron-Multimodal-Benchmarking/data/audio/intron/igbo/307c9bc97cd3ef3d712dd6767a257845_6iaYHyBW.wav,/home/azureuser/gabby_data_mls/Intron-Multimodal-Benchmarking/,"Reader, let me just ask the rest of it.",Reyder asked her followers sarcastically.
20331,Nwa m nwanyi di afó ise n'enwe  okè ògbúgbó mana onweghi ihe na putá ke mbge abali. Onwere afó nrí o na eri na anū mmiri.,My 5 year old daughter has been experiencing bursts of nausea since last night without vomiting.  She has an appetite and has been eating and drinking.,igbo,70aebfbf46d3e87adb6dd52ef3381c7ec77e8e5b8935595034c730d689d7d573,Female,13.833000183105469,intron-MT,/mnt/multilingual_data/audio/Intron-Multimodal-Benchmarking/data/audio/intron/igbo/8891fd66f3e7af2114e5d8f9b0b390de_kNq7iWjx.wav,/home/azureuser/gabby_data_mls/Intron-Multimodal-Benchmarking/,"I have six-year-old boys, but nothing has come out since last night. He has a stomach for food; he eats and drinks water.",My 5 year old daughter has been experiencing bursts of nausea since last night without vomiting.  She has an appetite and has been eating and drinking.
20998,Enwere m otu nchegbu nke na-enweghi ihe m metugoro n'ezie na nke m ga-achọ imatakwa otutu ihe maka ya mgbe mụ na mama m kparịtachara ụka.,I have one concern wch I ve never really dealt with wch after talking to my mom I would like to get more information.,igbo,76f32438a97d27c54458f3abfddb289032b798bcd434779b2cd0ff1369a65ab0,Female,12.015999794006348,intron-MT,/mnt/multilingual_data/audio/Intron-Multimodal-Benchmarking/data/audio/intron/igbo/79cb1a4dbc7981e54aca0271bdd9bd8f_d9RTd0y7.wav,/home/azureuser/gabby_data_mls/Intron-Multimodal-Benchmarking/,"Oh, there is something I really want to mention to you, honestly, as I have been wanting to know more about it since my mom and I finished talking.",I have one concern wch I ve never really dealt with wch after talking to my mom I would like to get more information.
17852,"Aga agwotanwu oriaa ma oburu na achoputara ya gboo.  Nchoputa oria na oge na enye aka na igbochi oria. 
Daalu maka ihu dokinta nkata",These condition scan be effectively treated when diagnosed earlier.  Early diagnosis also helps in preventing serious infectionsThank you for using Chat Doctor,igbo,5c9a4ca2c7fd3380116b1c881249c612fe612f14412d32c8e81aa253f20c4e4d,Female,9.373000144958496,intron-MT,/mnt/multilingual_data/audio/Intron-Multimodal-Benchmarking/data/audio/intron/igbo/5e288edddae5b9d6fe0e0c2e812e7378_4iBNZoTH.wav,/home/azureuser/gabby_data_mls/Intron-Multimodal-Benchmarking/,"Welcome my friend, as the findings show that early detection of an illness helps in fighting the disease. Thank you for seeing Doctor Nkata.",These condition scan be effectively treated when diagnosed earlier.  Early diagnosis also helps in preventing serious infectionsThank you for using Chat Doctor
18777,"Ị, ị na-eme ọtụtụ mmega ahụ, na-agwụ ike, na-enwe mmekọahụ mgbe niile ma ọ bụ ihe ọ bụla?","Have you , have you been doing lots of exercise, been dehydrated, been having regular sexual intercourse or anything?",igbo,c1764c4d3af652ee6ea83979f1c236cbac55ee0c6bc1538f7f9c503207870797,Female,7.677000045776367,intron-MT,/mnt/multilingual_data/audio/Intron-Multimodal-Benchmarking/data/audio/intron/igbo/487be34f1022c5f8d353dd08631cb40b_hKRwsTyl.wav,/home/azureuser/gabby_data_mls/Intron-Multimodal-Benchmarking/,"Doing it many times, being able to have sex all the time or anything like that.","Have you , have you been doing lots of exercise, been dehydrated, been having regular sexual intercourse or anything?"
20143,"Abum nwoke di afo iri abụọ na anọ. ezutere m ihe mberede na ọnwa ole na ole gara aga, m nwee mgbaji sie okpukpu, radius aka nri m na ọkpụkpụ ulna agbajiwo.","i am a 24 year old Male.  i had met with an accident couple of months ago, and had a severe fracture, my right hand radius and alna bone had broken.",igbo,1e4a256f5e3057d2ab58e6400ebb1df7dd1ba8b429c66269fc067d10c014ff4d,Male,14.213000297546388,intron-MT,/mnt/multilingual_data/audio/Intron-Multimodal-Benchmarking/data/audio/intron/igbo/d6d47aa3256f47a7a419d807243bf180_lqJ3zebt.wav,/home/azureuser/gabby_data_mls/Intron-Multimodal-Benchmarking/,This bone is twenty-four years old. I first found it during a small examination I conducted between the right side wall and each surrounding bone. Right radius and every surrounding bone.,"i am a 24 year old Male.  i had met with an accident couple of months ago, and had a severe fracture, my right hand radius and alna bone had broken."
18912,"Ọdịmma, ma ị na-aṅụ mmanya ọ bụla?","Okay, and do you use any alcohol?",igbo,a8c0d3947221dbd0e79d593d04558a1cda4ec3b71d3a759d4136fede75264548,Female,3.111999988555908,intron-MT,/mnt/multilingual_data/audio/Intron-Multimodal-Benchmarking/data/audio/intron/igbo/2da31ad78c038df79d37563c91690599_YGaDvMaV.wav,/home/azureuser/gabby_data_mls/Intron-Multimodal-Benchmarking/,"Okay, can you hear me at all?","Okay, and do you use any alcohol?"
17839,"Enwere m olileanya na aziza a ga-enyere gi aka. Maka ajuju ndi ozo, biko ewela obi abuo iju. Dikwa mma ngwangwa ezigbo enyi m Chat Dokita.",Hope this answer will be helpful to you.  For more queries please don't hesitate to ask.  Get well soon dear friend Chat Doctor.,igbo,9491373184a86b66a4534e8e3934fa542fdf12a823f76f87ee9c1ac4afded6fe,Female,11.402999877929688,intron-MT,/mnt/multilingual_data/audio/Intron-Multimodal-Benchmarking/data/audio/intron/igbo/a2cf19294321aaa31035a04739dd9e84_Yb4VaJHa.wav,/home/azureuser/gabby_data_mls/Intron-Multimodal-Benchmarking/,"Okay, don't be upset, we will help you. For other questions about life, please do not hesitate to ask. Be well until next time, my good friend, Chat Doctor.",Hope this answer will be helpful to you.  For more queries please don't hesitate to ask.  Get well soon dear friend Chat Doctor.
25062,"Ndewo, anaemia gị enweghị njikọ na ọkwa dọkịta nkata. Ọ bụrụ na ịchọrọ ịtụrụ ime mgbe ahụ ị ga-anwale ya n'oge ọmụmụ.","Hi, your anemia has no relation with Chat Doctor level.  If you want to become pregnant then you should try it in the fertile period.",igbo,430c3a0831e851f4fc258a68d67d2adf2bdab97bb505be6529e403aa8c2b3228,Female,9.637999534606934,intron-MT,/mnt/multilingual_data/audio/Intron-Multimodal-Benchmarking/data/audio/intron/igbo/9b349bac95221609eceec9ccd8a8919f_wbw1SKjV.wav,/home/azureuser/gabby_data_mls/Intron-Multimodal-Benchmarking/,"Greetings, I am opening my face to the sky so that today’s conversation can be prepared. If you want to get me pregnant, carry me like a child, you must come to my spiritual level.","Hi, your anemia has no relation with Chat Doctor level.  If you want to become pregnant then you should try it in the fertile period."
21961,"Mba, mba, ọ bụ na ọ malitere nwayọọ nwayọọ,o, nwayọọ nwayọọ.","No, no, it's it's started gradually, OK, gradually.",igbo,820fad1fb80f133c48908afe7cc42e472b21aa17694667a6a674285ea9fd792c,Male,7.722000122070312,intron-MT,/mnt/multilingual_data/audio/Intron-Multimodal-Benchmarking/data/audio/intron/igbo/4e716b859906dd7f5d262926173aa564_RzUXoMZF.wav,/home/azureuser/gabby_data_mls/Intron-Multimodal-Benchmarking/,"No, no, it started slowly, slowly.","No, no, it's it's started gradually, OK, gradually."
17825,Oburu na inwe ajuju ozo inwe ike ikpoturu anyi oge obula. Daalu. Epkere m gi ezigbo ahu ike. Chat Doctor.,If you have any further questions you can contact us in every time.  Kindly regards.  Wish you a good health.  Chat Doctor.,igbo,6ebbf275217dd14153499a8eaf5732cf606dd730e4658373cbc26b56b466eff8,Male,7.3379998207092285,intron-MT,/mnt/multilingual_data/audio/Intron-Multimodal-Benchmarking/data/audio/intron/igbo/3fae77084b5cd7fd80165b64c32bfc14_BtvnpMfp.wav,/home/azureuser/gabby_data_mls/Intron-Multimodal-Benchmarking/,"If there are any more questions, you can contact us at any time. Thank you. Our prayer is that you have good health. Chat doctor.",If you have any further questions you can contact us in every time.  Kindly regards.  Wish you a good health.  Chat Doctor.
20751,"Enwere m obere ihe otito n'etiti ọkpụkpụ azụ m, nakwa ihe e gosiri bụ oghere na mpaghara atọ ma ọ bụ anọ n'ime ọkpụkpụ azụ m.","I do have a tiny bulge in the middle part of my spine , and also shown were gapping in 3 or 4 areas in my spine.",igbo,d33b03c910280c81f8df93fbf20ede2d3aa2cb0868978d38435fa0013bc4292b,Female,13.774999618530272,intron-MT,/mnt/multilingual_data/audio/Intron-Multimodal-Benchmarking/data/audio/intron/igbo/37a716cdb6630fe92cb40e52fb06aa6b_a4PeDXQA.wav,/home/azureuser/gabby_data_mls/Intron-Multimodal-Benchmarking/,"We are happy to introduce the new supervisors, and also talk about someone who is interested in explaining where people are in the world.","I do have a tiny bulge in the middle part of my spine , and also shown were gapping in 3 or 4 areas in my spine."
25196,aga m adụ gị ọdụ ka ị gaa nnyocha n'aka dọkịta gị ka omee ka nchekasi gị laa. echere m na ọga aza gị ajụjụ nke ọma.,Still I would advise you to have a check-up from your doctor to get the worry ruled out by a direct physical check up.  Hope this would relive your query satisfactorily.,igbo,3ad4fb9668f95e82d1a62f3ae2df37c5d294e777484d75dcd9893900474eca46,Male,9.875,intron-MT,/mnt/multilingual_data/audio/Intron-Multimodal-Benchmarking/data/audio/intron/igbo/38bf9a4451c587b3add3e94fd65c7ef1_vf4TJe5k.wav,/home/azureuser/gabby_data_mls/Intron-Multimodal-Benchmarking/,"I will keep struggling. Who told you he is better than you? Explain everything about how it's going. Do you want to tell him? Answer him back correctly, exactly as he said.",Still I would advise you to have a check-up from your doctor to get the worry ruled out by a direct physical check up.  Hope this would relive your query satisfactorily.
20359,"Ọtụtụ mgbe, a na-eme nchọpụta na afọ ano. Nwatakịrị ahụ enweghị isi, ọ naghị egwuri egwu ma ọ bụ soro ndị ọzọ na-emekọrịta ihe, enweghị mmekọrịta mmadụ na ibe ya, ịkụ isi ihe etc. iha niile dị mkpa maka nyocha.","Usually, diagnosis is made at 4 years.  The child is fidgety, does not play or mix with others, lack of social interaction, head banging etc. all are needed for diagnosis.",igbo,3a71e29a86ff36215064767be76bcefc3027f76d904426acae99cbf63b3ed9d4,Male,27.295000076293945,intron-MT,/mnt/multilingual_data/audio/Intron-Multimodal-Benchmarking/data/audio/intron/igbo/c5e7a8c7376faaf3433aadfcff1f5270_3AZ4I3o8.wav,/home/azureuser/gabby_data_mls/Intron-Multimodal-Benchmarking/,"It was just like a tortoise, within four short years. A child born who has no sense. He doesn't play games, or only with others. In working together. He has no cooperation with his fellow human beings. In stopping things, etc. All these are important for providing a job.","Usually, diagnosis is made at 4 years.  The child is fidgety, does not play or mix with others, lack of social interaction, head banging etc. all are needed for diagnosis."
25098,"E jiri m ngwaahịa ndị a ruo ọnwa atọ. Ná mmalite, enwere m obi ụtọ na nzaghachi ya.   Dịka ntutu isi m yiri ka ọ zuru oke m kwụsịrị ngwaahịa ahụ ruo ọnwa isii.

","I used these products for a period of three months.  Initially, I was very happy with its response.   As my hair seemed perfect I quit the product for six months.",igbo,35ea76bb264033e5cf598044c42de211771eae3afbf727fa77fb4e2dae1c58c4,Female,13.609000205993652,intron-MT,/mnt/multilingual_data/audio/Intron-Multimodal-Benchmarking/data/audio/intron/igbo/5fdc1d462030cbf674515f503f8b851c_SjFBOrkK.wav,/home/azureuser/gabby_data_mls/Intron-Multimodal-Benchmarking/,"I used my products for three months. In the beginning, I was happy with the results. It seemed as if my expectations were perfectly met. I stopped using the products for six months.","I used these products for a period of three months.  Initially, I was very happy with its response.   As my hair seemed perfect I quit the product for six months."
17732,Ụkwara m na-adịgide adịgide ruo sekọnd ole na ole tupu ihe ọ bụla abịa. Akpịrị m amalitela imerụ ahụ site na ụkwara m chere ,My cough is persistent for a couple of seconds before any thing comes up.  My throat has begun to hurt somewhat from the coughing I assume.,igbo,35ea76bb264033e5cf598044c42de211771eae3afbf727fa77fb4e2dae1c58c4,Female,8.184000015258789,intron-MT,/mnt/multilingual_data/audio/Intron-Multimodal-Benchmarking/data/audio/intron/igbo/6c6ee928a0fcdced61ad538ee676e32e_9gcizz4l.wav,/home/azureuser/gabby_data_mls/Intron-Multimodal-Benchmarking/,"Father, keep on, keep on, Rose has already explained before I came here. I don't know what happened that my whole body is trembling.",My cough is persistent for a couple of seconds before any thing comes up.  My throat has begun to hurt somewhat from the coughing I assume.
21007,"Dọkịta ezinaụlọ m kwuru na m kwesịrị ịhụ dọkịta gbasara akpụkpọ ahụ maka okwu ntutu m. Enwere m ogologo ntutu mgbe niile na n'afọ gara aga, ahụla m na ọ na-apụ n'anya.",My family doctor said I should see a dermatologist for my hair issue.  I have always had long hair and in the past year I have watched it disappear.,igbo,76f32438a97d27c54458f3abfddb289032b798bcd434779b2cd0ff1369a65ab0,Female,12.40999984741211,intron-MT,/mnt/multilingual_data/audio/Intron-Multimodal-Benchmarking/data/audio/intron/igbo/3d59645bc91c91cc296e9fff3fa21d94_7Rh9XnYh.wav,/home/azureuser/gabby_data_mls/Intron-Multimodal-Benchmarking/,"Dr. Zinonkwu, my name is Kwasili Ehu. Dr., concerning the issue of hair. I had long hair all the time in the past years. I noticed that it is falling out.",My family doctor said I should see a dermatologist for my hair issue.  I have always had long hair and in the past year I have watched it disappear.
17792,"Ya mere, ịgbanwe ụzọ ndụ gị na ịnọgide na-arụsi ọrụ ike na inwe ezigbo ntụrụndụ nwere ike ịgwọ gị, tinyere ọchịchọ ịga nke ọma.

","Therefore, altering your lifestyle and keeping your busy and having a good hobby can cure you, along with a will to succeed.",igbo,35ea76bb264033e5cf598044c42de211771eae3afbf727fa77fb4e2dae1c58c4,Female,9.545000076293944,intron-MT,/mnt/multilingual_data/audio/Intron-Multimodal-Benchmarking/data/audio/intron/igbo/069938909e550f053ac81f1008858d96_keFVLEYE.wav,/home/azureuser/gabby_data_mls/Intron-Multimodal-Benchmarking/,"My Father, you are the source of my life, continue to give me strength to build a good foundation, and use your power to help my desires succeed.","Therefore, altering your lifestyle and keeping your busy and having a good hobby can cure you, along with a will to succeed."
21974,"Mba, enweghị m ọzịza ọbụla.","No, I don't have any swelling.",igbo,820fad1fb80f133c48908afe7cc42e472b21aa17694667a6a674285ea9fd792c,Male,2.88700008392334,intron-MT,/mnt/multilingual_data/audio/Intron-Multimodal-Benchmarking/data/audio/intron/igbo/4052c9f8ab18ff6848bd7b246d668b97_vh7BPJrT.wav,/home/azureuser/gabby_data_mls/Intron-Multimodal-Benchmarking/,"No, I don't have any other message.","No, I don't have any swelling."
25390,"Nke abuo, ọgwụ mgbe nile na nleba anya, nke ị ga-emerịrị. I kwesịrị inwe ezigbo ndụ dịka ịzere nri abụba, mmanụ na oke kalori.","Secondly, regular medicine and follow up, which you must be doing.  You should have a healthy lifestyle like avoiding fatty, oily and high calorie diet.",igbo,d33b03c910280c81f8df93fbf20ede2d3aa2cb0868978d38435fa0013bc4292b,Female,12.72700023651123,intron-MT,/mnt/multilingual_data/audio/Intron-Multimodal-Benchmarking/data/audio/intron/igbo/53449c62ba99a238fe150d8b558c40ff_7w0oGk0X.wav,/home/azureuser/gabby_data_mls/Intron-Multimodal-Benchmarking/,"Stage two, all the treatments and follow-up that you will undergo, you should maintain a healthy lifestyle such as avoiding eating fat, oil, and high calories.","Secondly, regular medicine and follow up, which you must be doing.  You should have a healthy lifestyle like avoiding fatty, oily and high calorie diet."
17881,"Eze ukwu m rere ere , ike kpatara ya bu maka eze ukwu nke ozo ewepuru. Maka na  eze Ukwu nkea ere na, O na afu m ezigbo ufu na m na eri ihe, na m ba ata kwa atu.","My molar tooth is decayed due impacted wisdom teeth, which removed.  But since my molar tooth is decayed, having severe pain while eating, brushing.",igbo,5c9a4ca2c7fd3380116b1c881249c612fe612f14412d32c8e81aa253f20c4e4d,Female,12.154999732971191,intron-MT,/mnt/multilingual_data/audio/Intron-Multimodal-Benchmarking/data/audio/intron/igbo/7f06544d8acf3854ff4dcc159376752d_ZFChKKiZ.wav,/home/azureuser/gabby_data_mls/Intron-Multimodal-Benchmarking/,My teeth are rotten. The reason I came is for my teeth to be removed. Because my rotten teeth hurt me a lot when I am eating and when I am chewing fish.,"My molar tooth is decayed due impacted wisdom teeth, which removed.  But since my molar tooth is decayed, having severe pain while eating, brushing."
19655,--- Musa meriri n'onyinye onye otu egwuregwu Saudi nke izu ụka ahụ,--- Musa Wins Saudi League Player Of The Week Award,igbo,a8c0d3947221dbd0e79d593d04558a1cda4ec3b71d3a759d4136fede75264548,Female,4.696000099182129,intron-MT,/mnt/multilingual_data/audio/Intron-Multimodal-Benchmarking/data/audio/intron/igbo/7a18d70d06ede06dc11dcac8987abef2_41XU6UVI.wav,/home/azureuser/gabby_data_mls/Intron-Multimodal-Benchmarking/,Musa won and is among the beautiful members of the sports team that is only in my church gathering.,--- Musa Wins Saudi League Player Of The Week Award
25089,"Ọ bụrụ na nke a emee, ị nwere ike ịmalite iji otu ọgwụ ahụ, ma ana m atụ aro ka ị nyochaa nwa ahụ site na dọkịta ụmụaka. Enwere m olileanya na azịza m nyeere gị aka.

","If this happens, you can start using the same medicine, but I suggest you get the kid evaluated with your pediatrician.  Hope my answer was helpful for you.",igbo,35ea76bb264033e5cf598044c42de211771eae3afbf727fa77fb4e2dae1c58c4,Female,13.022000312805176,intron-MT,/mnt/multilingual_data/audio/Intron-Multimodal-Benchmarking/data/audio/intron/igbo/df28c0cfef77f053e54459e35c57e24d_1jeeHP3H.wav,/home/azureuser/gabby_data_mls/Intron-Multimodal-Benchmarking/,It's not up to me. You might want to start it another way. But I suggest you have our child examined by a doctor. I hope the answer will help him.,"If this happens, you can start using the same medicine, but I suggest you get the kid evaluated with your pediatrician.  Hope my answer was helpful for you."
19548,"Ya mere amalitere m iji ego afọ m kwurịta okwu ahụ, ma anọ m na-ekwurịta ya kemgbe ahụ.","So I started discussing the issue with my superannuation fund, and I've been discussing it ever since.",igbo,c1764c4d3af652ee6ea83979f1c236cbac55ee0c6bc1538f7f9c503207870797,Female,7.410999774932861,intron-MT,/mnt/multilingual_data/audio/Intron-Multimodal-Benchmarking/data/audio/intron/igbo/fd26eaff4f6b48069924cd362da7844c_5yfxXNYF.wav,/home/azureuser/gabby_data_mls/Intron-Multimodal-Benchmarking/,"Yes, I am greeting you regarding the money I was supposed to bring out, right? But I have been bringing it out since.","So I started discussing the issue with my superannuation fund, and I've been discussing it ever since."
17898,A kwadoghị m ịnọ ala na sauna otu awa mana ana m anọbu ala na sauna nkeji iri tupu na oge m megasịrị ahụ.,I don't plan on sitting in the sauna for an hour but I used to sit in the sauna for 10 minutes before and after I worked out.,igbo,3bad234ceb51d333969c8ebb69478172616b5f02d233b1ac8acf96200bab0654,Female,11.916000366210938,intron-MT,/mnt/multilingual_data/audio/Intron-Multimodal-Benchmarking/data/audio/intron/igbo/9c4c0638827afe9e6f368eef38f8c209_F7yf8ryf.wav,/home/azureuser/gabby_data_mls/Intron-Multimodal-Benchmarking/,"I planned to stay in the sauna for an hour, but I only stayed in the sauna for ten minutes before my exercise time was over.",I don't plan on sitting in the sauna for an hour but I used to sit in the sauna for 10 minutes before and after I worked out.
18369,Ma ọ bụ ọ nwere ike ịbụ site na ịwa ahụ n 'onwe ya.,Or it could be from the surgery itself.,igbo,820fad1fb80f133c48908afe7cc42e472b21aa17694667a6a674285ea9fd792c,Male,4.36899995803833,intron-MT,/mnt/multilingual_data/audio/Intron-Multimodal-Benchmarking/data/audio/intron/igbo/4368899f1feb149be017056e8991801e_9eE0G17v.wav,/home/azureuser/gabby_data_mls/Intron-Multimodal-Benchmarking/,"It is our own individual struggle that we will carry through that world, our child.",Or it could be from the surgery itself.
17866,Gi na di go nwee mmeko ubochi abuo na ato ihuchara nso gi. O ga agbalite ohere i turu ime gi. Nwuo ogwu ndozi afo onye di ime izu uka abuo,Be in contact with your husband every 2 to 3 days after your periods stop.  It will increase chances of your pregnancy.  Take progesterone for next 2 weeks.,igbo,5c9a4ca2c7fd3380116b1c881249c612fe612f14412d32c8e81aa253f20c4e4d,Female,11.50100040435791,intron-MT,/mnt/multilingual_data/audio/Intron-Multimodal-Benchmarking/data/audio/intron/igbo/b669d00ff99642128684245407f15e5d_9LckM2be.wav,/home/azureuser/gabby_data_mls/Intron-Multimodal-Benchmarking/,What will you do if this day falls on the day of your period? It will be nine months of your pregnancy. Take the stomach maintenance medicine for someone who is two weeks pregnant.,Be in contact with your husband every 2 to 3 days after your periods stop.  It will increase chances of your pregnancy.  Take progesterone for next 2 weeks.
20326,"Dee, sité n'echi garàgaá, anam enwè nsogbu n'oba aka ékpè m, o na esogbu m naani mgbè na emehári nkpisi aka m.","Sir,Since yesterday I am experiencing the pain in my Left hand palm.  When i am moving moving my fingers the then i can feel the pain otherwise it feels normal.",igbo,70aebfbf46d3e87adb6dd52ef3381c7ec77e8e5b8935595034c730d689d7d573,Female,10.91100025177002,intron-MT,/mnt/multilingual_data/audio/Intron-Multimodal-Benchmarking/data/audio/intron/igbo/fc8e7ea2b5813b940c993a19aedbab8f_WFipwQTw.wav,/home/azureuser/gabby_data_mls/Intron-Multimodal-Benchmarking/,"At Tinubu garage, I'm having trouble with my hand joints. It only bothers me when I move my fingers.","Sir,Since yesterday I am experiencing the pain in my Left hand palm.  When i am moving moving my fingers the then i can feel the pain otherwise it feels normal."
17727,"Ọbara ahụ dịgidere ruo otu ụbọchị ma ọ bụ karịa, m malitere inwe mgbu na azụ m, n'akụkụ ala ọkpụkpụ Ike m. kedu ihe ọ nwere ike ịbụ?","The blood lasted for a day or so after, and I developed a pain in my back, around the bottom of my tailbone.  What could this be?",igbo,1e4a256f5e3057d2ab58e6400ebb1df7dd1ba8b429c66269fc067d10c014ff4d,Male,9.944000244140623,intron-MT,/mnt/multilingual_data/audio/Intron-Multimodal-Benchmarking/data/audio/intron/igbo/215e7a5b4585deb526dea229481f2ca0_D7mtPPo8.wav,/home/azureuser/gabby_data_mls/Intron-Multimodal-Benchmarking/,"If I were to tell you a story about myself on the day I was born, I don't know where I was in that year. What can you say about it?","The blood lasted for a day or so after, and I developed a pain in my back, around the bottom of my tailbone.  What could this be?"
21940,"mmanya na-aba n 'anya, anaghị m aṅụ mmanya na-aba n' anya, dọkịta.","alcohol, I don't take alcohol, doctor.",igbo,3bdffd2ce09e130208d0f50ecd77323ca1c8280f3e06b3c9dea69ca6fb4556f5,Male,4.478000164031982,intron-MT,/mnt/multilingual_data/audio/Intron-Multimodal-Benchmarking/data/audio/intron/igbo/a73788b8d84c8170727135818ded5f10_QSGlGlGG.wav,/home/azureuser/gabby_data_mls/Intron-Multimodal-Benchmarking/,"The alcohol has got into him, I know the alcohol has got into him, doctor.","alcohol, I don't take alcohol, doctor."
18353,"Ọ dị mma, ma ụkwara ole ka ị ga-asị na ị na-etolite?","OK, and how much sputum would you say you're bringing up?",igbo,820fad1fb80f133c48908afe7cc42e472b21aa17694667a6a674285ea9fd792c,Male,5.120999813079834,intron-MT,/mnt/multilingual_data/audio/Intron-Multimodal-Benchmarking/data/audio/intron/igbo/d034c4c2b0b7a8d8723482c959e37f82_Jhstq3sb.wav,/home/azureuser/gabby_data_mls/Intron-Multimodal-Benchmarking/,Alright. But what level would you say you are at in growing?,"OK, and how much sputum would you say you're bringing up?"
17799,Ịnụ ọgwụ mgbu maka obere oge adịghị emerụ ahụ mana ịwere ya ogologo oge nwere ike imebi akụrụ wee bute kwa nsogbu ndị ọzọ ,Taking painkillers for short duration is not harmful but taking it for long run may damage the kidneys leading to other complications.,igbo,35ea76bb264033e5cf598044c42de211771eae3afbf727fa77fb4e2dae1c58c4,Female,8.538999557495117,intron-MT,/mnt/multilingual_data/audio/Intron-Multimodal-Benchmarking/data/audio/intron/igbo/26c18defc154b33c35595590e6e1a64b_Q5uGDwzY.wav,/home/azureuser/gabby_data_mls/Intron-Multimodal-Benchmarking/,It is something everyone would believe at a time like this. But taking too long can create rumors and bring about other problems.,Taking painkillers for short duration is not harmful but taking it for long run may damage the kidneys leading to other complications.
21984,Nke a ọ bụ afọ ime mbụ gị?,Is this is this your first pregnancy?,igbo,8751390d6b0b1965c54adf01bdc51d1b3653cb44878dcd3f14462a145756c59e,Male,4.099999904632568,intron-MT,/mnt/multilingual_data/audio/Intron-Multimodal-Benchmarking/data/audio/intron/igbo/5a8fe828ef68fe0ebeef008d535eced9_HrNtnKQZ.wav,/home/azureuser/gabby_data_mls/Intron-Multimodal-Benchmarking/,This is a year of doing good.,Is this is this your first pregnancy?
25215,"Nne gi ọ na-arịa ọbara mgbali elu? Mgbe m na-agụ akwụkwọ gbasara ahụike ya, ọ di m ka o nwere strooku maọbụ obara na-agba ya n'ime ụbụrụ.",Is your mother on treatment for high blood pressure?  Going through your history I feel that your mother might have had a stroke or a bleeding inside the brain.,igbo,3ad4fb9668f95e82d1a62f3ae2df37c5d294e777484d75dcd9893900474eca46,Male,8.708999633789062,intron-MT,/mnt/multilingual_data/audio/Intron-Multimodal-Benchmarking/data/audio/intron/igbo/aa99b28e005799e5a15bc1c82435830c_Uq7lgN2U.wav,/home/azureuser/gabby_data_mls/Intron-Multimodal-Benchmarking/,My mother has been vomiting at night. I came back this week while I was studying. It seems she had a stroke or a brain hemorrhage.,Is your mother on treatment for high blood pressure?  Going through your history I feel that your mother might have had a stroke or a bleeding inside the brain.
20361,"Agara m ọgwụgwọ anụ ahụ maka mgbatị mgbatị ahụ, nwee acupuncture na mgbe enwere ike igwu mmiri. Echere m na m ji nwayọọ nwayọọ na- okaram mma.","I have gone to PT for stretching excerises , had acupuncture and when possible gone swimming.I do think I am slowly improving.",igbo,3a71e29a86ff36215064767be76bcefc3027f76d904426acae99cbf63b3ed9d4,Male,10.480999946594238,intron-MT,/mnt/multilingual_data/audio/Intron-Multimodal-Benchmarking/data/audio/intron/igbo/3b609c13e7a720087e3ec418bc262afa_Vifn4mrh.wav,/home/azureuser/gabby_data_mls/Intron-Multimodal-Benchmarking/,I will read you a story about acupuncture and when I had the strength to swim I thought I was going slowly and that it is best.,"I have gone to PT for stretching excerises , had acupuncture and when possible gone swimming.I do think I am slowly improving."
18359,"Ee, ileba anya n 'ihe ị rụpụtara, echere m na nsogbu akụrụ gị edozila kwa.","Yes, looking at your results I think your kidney failure is resolved too.",igbo,820fad1fb80f133c48908afe7cc42e472b21aa17694667a6a674285ea9fd792c,Male,6.807000160217285,intron-MT,/mnt/multilingual_data/audio/Intron-Multimodal-Benchmarking/data/audio/intron/igbo/3e00b0918b334d959d50be1068096c59_2nLShKCF.wav,/home/azureuser/gabby_data_mls/Intron-Multimodal-Benchmarking/,"Looking at the report given, I thought the problem you were having was already resolved.","Yes, looking at your results I think your kidney failure is resolved too."
