id,transcription,translation,language,speaker_id,gender,duration,source,audio_path,audio_root,file_exists,reference,hypothesis
25352,"Onse chemotherapy akoko, onilojo iketa. Fun awon dokita,  cancer onipele ikerin,  se ele ran mi lowo lori eleyi","He is going thru first chemotherapy (Today is 3rd day).  As per the doctors, its a stage 4 cancer.  Can you help me out in this",yoruba,03eb25ed31a9b50fbe85aec4e18c7017de070dd50f75da4c406a30385ba8419d,Female,12.213000297546388,intron-MT,/mnt/multilingual_data/audio/Intron-Multimodal-Benchmarking/data/audio/intron/yoruba/3f7f84224c554ff99127bafcc11e664f_FrjTquB8.wav,/home/azureuser/gabby_data_mls/Intron-Multimodal-Benchmarking/,True,"He is going thru first chemotherapy (Today is 3rd day).  As per the doctors, its a stage 4 cancer.  Can you help me out in this","I work at the hospital, specifically in the cancer ward, and today is the tenth day of treating someone with stage four cancer. Is there anything I can do for the patient?"
17980,Mo lérò pé àrùn osteoarthritis náà ń dára sí i.,Hope the osteoarthritis is getting better.,yoruba,745a1b48387dc7fe563b1e7a99a6159a48f346ba31444f62fbe8190b721be047,Female,2.99399995803833,intron-MT,/mnt/multilingual_data/audio/Intron-Multimodal-Benchmarking/data/audio/intron/yoruba/1417be56c7d2851031aafccab43909b9_zHvTepeL.wav,/home/azureuser/gabby_data_mls/Intron-Multimodal-Benchmarking/,True,Hope the osteoarthritis is getting better.,"Okay, please provide the audio you'd like translated."
25194,"Emi yoo daba pe ki o ṣe idanwo oyun ninu ito lati jẹrisi oyun. Ti o ba jẹ pe o daju, lẹhinna o yẹ ki a ṣe ultrasound lati ṣayẹwo iye ọjọ oyun naa.""","Iwill suggest her to get a urine pregnancy test done to confirm the pregnancy, if positive then an ultrasound should be done to assess the duration of pregnancy.",yoruba,ae4d0cd1f843e0d42901aae0b0d7cdb823a563a3308f32795289b17eb0285b28,Female,12.62399959564209,intron-MT,/mnt/multilingual_data/audio/Intron-Multimodal-Benchmarking/data/audio/intron/yoruba/19aab528879917cf2dd02c06641aaf88_OVp7BiYi.wav,/home/azureuser/gabby_data_mls/Intron-Multimodal-Benchmarking/,True,"Iwill suggest her to get a urine pregnancy test done to confirm the pregnancy, if positive then an ultrasound should be done to assess the duration of pregnancy.","Pregnancy is the nine months that a baby stays in the womb. If you want to know the exact due date, you can do an ultrasound to check the baby’s development."
18991,"Nítorí náà, ní ọ̀sẹ̀ méjì sẹ́yìn ó ń ṣeré níta, um mo sì mọ̀ pé òun, ó ṣe é, àwọn àmì rẹ̀ máa ń burú sí i nígbà tí ó bá wà níta, nítorí náà mi ò mọ̀, bóyá.","So, two weeks ago he was playing outside, um and I know that he, he does, his symptoms do get worse when he's outside, so I don't know, maybe.",yoruba,70ca5649eb41a634e3cd8b3bc0523856aa01625b917fd8ffc723f5d7d2a49490,Male,13.63700008392334,intron-MT,/mnt/multilingual_data/audio/Intron-Multimodal-Benchmarking/data/audio/intron/yoruba/9a57c3d8c207ccd4ce74ba907772fb19_dAWkcrwF.wav,/home/azureuser/gabby_data_mls/Intron-Multimodal-Benchmarking/,True,"So, two weeks ago he was playing outside, um and I know that he, he does, his symptoms do get worse when he's outside, so I don't know, maybe.","Because of that, I am smiling because it is good to smile at many different people if you see them, because it is good."
20006,"Lara awọn ti o pe tabi firanṣẹ awọn lẹta ni: Alakoso tẹlẹ, Gbogbogbo Ibrahim Babangida; Awọn Gomina ti Awọn odo, Nyesom Wike, Enugu, Ifeanyi Ugwuanyi, Yobe, Mai Mala Buni, Taraba, Darius Dickson Ishaku ati awọn ọmọ ile-iwe alakoso ti o forukọsilẹ ni 1953 ni Ile-iwe Aarin Katsina, nipasẹ olori wọn. Sen. Abba Ali.","Among those who called or sent letters are: former President, General Ibrahim Babangida; Governors of Rivers, Nyesom Wike, Enugu, Ifeanyi Ugwuanyi, Yobe, Mai Mala Buni, Taraba, Darius Dickson Ishaku and the President’s classmates who enrolled in 1953 into the Katsina Middle School, through their leader Sen.  Abba Ali.",yoruba,e09e69b5eac1f8f2abcf4435d53156ad2602a05c90e493223bb58f49968d66c7,Male,32.82600021362305,intron-MT,/mnt/multilingual_data/audio/Intron-Multimodal-Benchmarking/data/audio/intron/yoruba/fe95f09215189ecb10f33f363194c12b_UFj1mk1K.wav,/home/azureuser/gabby_data_mls/Intron-Multimodal-Benchmarking/,True,"Among those who called or sent letters are: former President, General Ibrahim Babangida; Governors of Rivers, Nyesom Wike, Enugu, Ifeanyi Ugwuanyi, Yobe, Mai Mala Buni, Taraba, Darius Dickson Ishaku and the President’s classmates who enrolled in 1953 into the Katsina Middle School, through their leader Sen.  Abba Ali.","The creation of states which followed under the administration of Ibrahim Babangida brought some calm to the people. Enugu and Abia were created. Yobe was created. Taraba was created under Darius Dickson Ishaku. The creation of states has brought some calm; this started in 1953 in Katsina province under their leader, Senator Abba Ali."
25243,"Dokita mi owon ekaaro, lanaa mo lo fun iyewo ara, iyewo naa fi han wipe mo ni anteverted bulky uterus.","dear doctor good morning,yestrday i has gone for a scaning and i came to know that i have got anteverted bulky uterus.",yoruba,2d45b0901e45cc6191163c70688fc9f1286d8b0c8978525fcd6eb4fc9b37e0a4,Male,14.125,intron-MT,/mnt/multilingual_data/audio/Intron-Multimodal-Benchmarking/data/audio/intron/yoruba/05c9d030b918affeb52f16ec5cc6e1f3_F2gbiFCr.wav,/home/azureuser/gabby_data_mls/Intron-Multimodal-Benchmarking/,True,"dear doctor good morning,yestrday i has gone for a scaning and i came to know that i have got anteverted bulky uterus.","{""Good morning everyone. Today we will talk about the benefits of eating papaya. Papaya is a fruit that is rich in vitamins and nutrients, and it helps a lot with digestion. It boosts immunity and is particularly good for the skin.""}"
18036,Eyikeyi ori tabi aiṣedede?,Any headaches or breathlessness?,yoruba,3ca5c9b21951a25e08cb13a0eaf3eaaff2fa9f035ad08c1a64334b85a22ff9c5,Female,4.123000144958496,intron-MT,/mnt/multilingual_data/audio/Intron-Multimodal-Benchmarking/data/audio/intron/yoruba/0b084acd7ef2182211568f5d2ccfafe9_L7Lvboim.wav,/home/azureuser/gabby_data_mls/Intron-Multimodal-Benchmarking/,True,Any headaches or breathlessness?,The message of the king is what the kingdom follows.
25202,Mo kí yín. Ọmọ mi ti ń dojúkọ ìṣòro ọ̀mìjé ní ojú kan láti ìbí rẹ̀. Ó ti di oṣù mẹ́sán,Hi My child is facing the problem of tears in one of his eyes since his birth.  He is now 9 months old.,yoruba,ae4d0cd1f843e0d42901aae0b0d7cdb823a563a3308f32795289b17eb0285b28,Female,9.79300022125244,intron-MT,/mnt/multilingual_data/audio/Intron-Multimodal-Benchmarking/data/audio/intron/yoruba/cb749c716f3eb7700d39b9e139fe1162_toqJgFC1.wav,/home/azureuser/gabby_data_mls/Intron-Multimodal-Benchmarking/,True,Hi My child is facing the problem of tears in one of his eyes since his birth.  He is now 9 months old.,The child started walking at the age of one year and three months.
25245,Mo rin ninu iyara idana ati pe lai si idi pataki orokun mi jade be e naa ni mo  fi ara gba ile. Igba kehin ti o sele ni odun die sehin.,I was walking in the kitchen & for no reason my knee gave out & I hit the floor.  The last time it happened was a few years ago.,yoruba,2d45b0901e45cc6191163c70688fc9f1286d8b0c8978525fcd6eb4fc9b37e0a4,Male,18.81100082397461,intron-MT,/mnt/multilingual_data/audio/Intron-Multimodal-Benchmarking/data/audio/intron/yoruba/c0c271504afe5657e20d4b7f37e6cc6a_6LpAtQcG.wav,/home/azureuser/gabby_data_mls/Intron-Multimodal-Benchmarking/,True,I was walking in the kitchen & for no reason my knee gave out & I hit the floor.  The last time it happened was a few years ago.,The child that I am talking about is not staying in school. I have been asking what's really going on at home. The last time it happened was two years ago.
25269,"Ti o ba fẹran awọn idahun mi, jowo ṣe iwọn rẹ, ki o kọ atunyẹwo pelu. Jọwọ maṣe gbagbe lati gba. O ṣeun, Mo fẹ ilera tio dara fun o. Dokita iwiregbe. Dokita iwiregbe.","If you like my answers kindly rate it, and write a review as well.  Please do not forget to accept it.  Thank you, Wish you good health.  Chat Doctor.  Chat Doctor .",yoruba,f13e0a4f9e34a1eafa772ca1354803203d2f4f988365f697d0e9e3eeff521c27,Male,17.701000213623047,intron-MT,/mnt/multilingual_data/audio/Intron-Multimodal-Benchmarking/data/audio/intron/yoruba/b3208c17cb84f816e89c13e805ddc239_7fNCVtDP.wav,/home/azureuser/gabby_data_mls/Intron-Multimodal-Benchmarking/,True,"If you like my answers kindly rate it, and write a review as well.  Please do not forget to accept it.  Thank you, Wish you good health.  Chat Doctor.  Chat Doctor .","There is something they usually do. If someone calls you and says, ""Please borrow me some money, I want to do something,"" and you know that person is a thief and does not like to repay debt, what are you supposed to say that will make them stay away from you? Don’t forget that honesty in life builds good reputation."
20371,Se oun kohun wa ti o le je ki Nkan yii fale . Mo ti rin lati KY si  VA sugbon mi o ti ri neurologist ,Is there anything that can slow this down .  I ve move from ky to va and have not found a neurologist .,yoruba,6bd0fdedacd07a6f664c2d4ea2f64576f062b35bcd60de01edb948458ef637f6,Female,12.392000198364258,intron-MT,/mnt/multilingual_data/audio/Intron-Multimodal-Benchmarking/data/audio/intron/yoruba/80ca865e3913ab0089b704b5143d746c_0tICnPI3.wav,/home/azureuser/gabby_data_mls/Intron-Multimodal-Benchmarking/,True,Is there anything that can slow this down .  I ve move from ky to va and have not found a neurologist .,"I'm sorry, I didn’t hear clearly what you said. Can you please repeat or speak more clearly so I can assist you better?"
21036,"Mo lérò pé mo ti dáhùn ìbéèrè rẹ, tí o bá n se iyèméjì nígbà náà inú mi yóò dùn láti dáhùn.  O ṣeun fún lílo Chat Doctor.  Mo fẹ́ kí o ní ìlera tó dára.","Hope I have answered your question, if you have doubt then I will be happy to answer.  Thanks for using Chat Doctor.  Wish you a very good health.",yoruba,c5a965cf22f03d091617079bad127a687e58f674bf81405f5b4b08253e22e7f9,Female,12.531000137329102,intron-MT,/mnt/multilingual_data/audio/Intron-Multimodal-Benchmarking/data/audio/intron/yoruba/29b446d7e4593e19fb112924262c4eef_k3mFaunr.wav,/home/azureuser/gabby_data_mls/Intron-Multimodal-Benchmarking/,True,"Hope I have answered your question, if you have doubt then I will be happy to answer.  Thanks for using Chat Doctor.  Wish you a very good health.","If the pain in my stomach doesn’t stop after the first medication, when I lie down, the pain spreads from my stomach to my back. Should I just keep taking painkillers or should I see a doctor? I want you to give me the right advice."
25118,"Ni ọdún 2012, mo se aworan àyà. Àwọn àmì aisan yi ko dara pẹlú Albuterol inhaler, awon iwogba tàbi egbògi apa kokoro arun. Mo se MI ní ọdún 2010.","In 2012, I had a completely normal chest xray.  Symptoms are not getting better with Albuterol inhaler, steroids or antibiotics.  I also had an MI in 2010.",yoruba,1c015162031a4d22f5e4fdcb9a4bffa476145ee1c9f0bccf92c51e99e25590c8,Female,21.867000579833984,intron-MT,/mnt/multilingual_data/audio/Intron-Multimodal-Benchmarking/data/audio/intron/yoruba/b390e76dc6a2bd4694f4cfd4d47ea666_eEofcFjt.wav,/home/azureuser/gabby_data_mls/Intron-Multimodal-Benchmarking/,True,"In 2012, I had a completely normal chest xray.  Symptoms are not getting better with Albuterol inhaler, steroids or antibiotics.  I also had an MI in 2010.","In 2012, I voted. The candidates were very promising. The officials, parties, or groups that sponsored the candidates were honorable. I voted in 2012."
25415,Bí ajá ti gé e  jẹ àti ko si alaye nípa ipo aje sára. Gii ge je ko tii fà awo ará rè kí  o bàjé ,As you were bitten by a dog and there is no information about the vaccination status of the dog.  The bite has not led to break of the skin.,yoruba,61aa349ad93ba629d0472a4090f93580fb243fd1a9601b75209ed69e41040bff,Female,8.704999923706055,intron-MT,/mnt/multilingual_data/audio/Intron-Multimodal-Benchmarking/data/audio/intron/yoruba/8e41efb0898956db3e373218cf36639c_x57F2Onn.wav,/home/azureuser/gabby_data_mls/Intron-Multimodal-Benchmarking/,True,As you were bitten by a dog and there is no information about the vaccination status of the dog.  The bite has not led to break of the skin.,"Life comes and it goes, and we should enjoy it while we are still here, because time won't wait for anyone."
18222,"Ó dáa, ṣé ó dúró ṣánṣán ni àbí ó ń bọ̀ ó sì ń lọ?","OK, Is it constant or does it come and go?",yoruba,4264895a2c6af4fc5efaf75e9b4993069f2fbe3c84cbd5d40a5a63feeaf96019,Male,6.741000175476074,intron-MT,/mnt/multilingual_data/audio/Intron-Multimodal-Benchmarking/data/audio/intron/yoruba/6bc93e906607ded724b62fb5c3baf228_BiZpJZoJ.wav,/home/azureuser/gabby_data_mls/Intron-Multimodal-Benchmarking/,True,"OK, Is it constant or does it come and go?","Okay, I will go to the market later in the evening."
18259,"Ṣùgbọ́n, a fẹ́ yó ikọ-fèé tàbí ìfèsì ara sí ohun tí kò bá ni lára mu kuro lákọ̀ọ́kọ́.","no, no, well, I guess I'm I'm putting more weight on my right knee so it might appear to some people that I do have a slight limp.",yoruba,9da3a5aaa70eefe832f08d02cdeb7aa53fa1c80c336fac55ea9a3cf8bd009ba7,Male,6.89300012588501,intron-MT,/mnt/multilingual_data/audio/Intron-Multimodal-Benchmarking/data/audio/intron/yoruba/51ea1d999d14a8abf5a35367b0f9fc01_zucIL7Yh.wav,/home/azureuser/gabby_data_mls/Intron-Multimodal-Benchmarking/,True,"no, no, well, I guess I'm I'm putting more weight on my right knee so it might appear to some people that I do have a slight limp.",Life is not a place where someone can stand firm without challenges.
18253,"Lóòótọ́, bí Implanon náà kò bá ṣiṣẹ́ nígbà náà mo lè lóyún, ṣùgbọ́n n kò fura .","Theoretically, if the Implanon, hasn't been working then I could be pregnant, but I don't suspect .",yoruba,be7234a7bf31272842e783e47bc063818c738bdc9145b110f61c77f07074e839,Male,10.98900032043457,intron-MT,/mnt/multilingual_data/audio/Intron-Multimodal-Benchmarking/data/audio/intron/yoruba/560e73bb6de7b51f9d3fcd5aa4ed6a7e_8UcTkYNI.wav,/home/azureuser/gabby_data_mls/Intron-Multimodal-Benchmarking/,True,"Theoretically, if the Implanon, hasn't been working then I could be pregnant, but I don't suspect .","The car is very old, but I still use it because I can't afford to buy a new one."
18972,Ṣé o ní ìbéèrè tàbí àníyàn kankan?,Did you have any questions or any concerns?,yoruba,a965a0baec444ce8abba158f50f1198f042f4cd940c04e3b26afef0069e52630,Female,2.242000102996826,intron-MT,/mnt/multilingual_data/audio/Intron-Multimodal-Benchmarking/data/audio/intron/yoruba/e6944c0305bd0aa642eb29818a816120_IMHkD0jI.wav,/home/azureuser/gabby_data_mls/Intron-Multimodal-Benchmarking/,True,Did you have any questions or any concerns?,"I’m sorry, but I need the audio to provide the translation. Could you please play or upload the audio so I can assist you?"
21093,Àwọn iṣoro iranti wà lójú méjì jùlọ ní ilé-ẹ̀kọ́ gh níbi tí iranti ṣe di pàtàkì jù lọ. Ṣùgbọ́n mo gba ilé-ẹ̀kọ́ gh àti kọlẹ́ẹ̀jì pẹ̀lú àwọn àṣẹ̀yìnṣọ́wé láti B sí B+,Memory issues were more pronounced in gh school where memory became more important.  But I got through gh school and college with a B to B+ average.,yoruba,cf152c43865969d6fc25a53003b9bb663e4cf717e404dbbaf1f615e4e7ca9158,Female,13.274999618530272,intron-MT,/mnt/multilingual_data/audio/Intron-Multimodal-Benchmarking/data/audio/intron/yoruba/a8fd3b7a4e2be8a93fc43de7099cb793_kze0jyRj.wav,/home/azureuser/gabby_data_mls/Intron-Multimodal-Benchmarking/,True,Memory issues were more pronounced in gh school where memory became more important.  But I got through gh school and college with a B to B+ average.,"In the university, the interest rate is usually the lowest. However, in the university and college, the interest rates vary according to different activities."
25349,Nje o seese lati maa ni finkin finkin ni ona ofun nitori irira. Edo fooro mi mo ni dokita mi so ni ana.,Is is possible to have wheezing from your throat only with regards to allergies?  My lungs are clear (says my doctor as of yesterday).,yoruba,b31253281a8a654752d54f8af2c844bb85940a234e834eccbbe764843f364232,Male,10.538999557495115,intron-MT,/mnt/multilingual_data/audio/Intron-Multimodal-Benchmarking/data/audio/intron/yoruba/9c446dc1c8a59b63b2482a9bd356d6ec_E6OTchqV.wav,/home/azureuser/gabby_data_mls/Intron-Multimodal-Benchmarking/,True,Is is possible to have wheezing from your throat only with regards to allergies?  My lungs are clear (says my doctor as of yesterday).,"We followed the magnificent path to the sound of the drum, the sweet melodious sound of the guitar warmed my heart."
19675,Màmà tani? emí? Kínì yí?,`Who Mama? Me? What is this?`,yoruba,da7d509f574bfabaa6d88f9de1e578d9bf607f09dbfe8b7f66d3d3d68f23cfdd,Female,5.243000030517578,intron-MT,/mnt/multilingual_data/audio/Intron-Multimodal-Benchmarking/data/audio/intron/yoruba/6221b1db3628270bcd03ff6a7d3843d3_w8bqHd7C.wav,/home/azureuser/gabby_data_mls/Intron-Multimodal-Benchmarking/,True,`Who Mama? Me? What is this?`,The food you cooked today is really delicious.
25102,"Ko rọrùn nigbati mo ba n rin,ti mo ba mi kanle ganan ati ni gba ti mo ba n wuko lera lera tabi sin. Nitootọ ko ṣeeṣe fún mi láti mi dáadáa  Ṣe o yẹ ki n ṣe aniyan?","It hurts when i move, breath too deep, and horribly if i cough or sneeze.  It is actually restricting my ability to take normal breaths.  Should i be concerned?",yoruba,33855390d8837f37f43533591968b4a3fe3aa4edd993d4b2f9130d3bcccd5e27,Female,17.659000396728516,intron-MT,/mnt/multilingual_data/audio/Intron-Multimodal-Benchmarking/data/audio/intron/yoruba/208c5a2cfc71c1343585f65fbe017e82_FFpGA5n4.wav,/home/azureuser/gabby_data_mls/Intron-Multimodal-Benchmarking/,True,"It hurts when i move, breath too deep, and horribly if i cough or sneeze.  It is actually restricting my ability to take normal breaths.  Should i be concerned?","Let me tell you something, if I don’t tell you, and if I speak softly or loudly, the important thing is that it should be done for me to be well, so that I can be relieved."
20885,Àní tí mo bá ká apá mí kọ̀ bí ti ìyẹ́ adiẹ tí mo sì gbìyànjú láti gbé sókè (èjìká rí bí ìyí árùndínláàdọ́ta) ó ń dùn mí gan.,as in if I fold my arm like a chicken wing and try bring it up (shoulder forming a 45° ) IT HURTS me so bad.,yoruba,ed984dc712579314c4d19853915f35ff08f4b405b130d8cf27a7fbf00754a769,Female,13.32699966430664,intron-MT,/mnt/multilingual_data/audio/Intron-Multimodal-Benchmarking/data/audio/intron/yoruba/4a59f936b235a6f1855862418bf4bc3c_0Pe0aEmw.wav,/home/azureuser/gabby_data_mls/Intron-Multimodal-Benchmarking/,True,as in if I fold my arm like a chicken wing and try bring it up (shoulder forming a 45° ) IT HURTS me so bad.,"If it were not for the help of friends and family, things would have been much more difficult for me. They ensured I got to the hospital on time before things got worse."
18221,"Bẹ́ẹ̀ni, a ní ajá méjì àti ológìnní méjì pèlú","Yes, and we also have two dogs and two cats.",yoruba,4264895a2c6af4fc5efaf75e9b4993069f2fbe3c84cbd5d40a5a63feeaf96019,Male,6.23199987411499,intron-MT,/mnt/multilingual_data/audio/Intron-Multimodal-Benchmarking/data/audio/intron/yoruba/420958b049e8710f71e477a67d9c7477_WoagmKbj.wav,/home/azureuser/gabby_data_mls/Intron-Multimodal-Benchmarking/,True,"Yes, and we also have two dogs and two cats.",I have two friends who both work together.
18133,nígbà mìíràn mo máa ń ní ìrora orí ṣùgbọ́n mo lérò pé ìrora orí ti rirè ní,sometimes I get headaches but I think they're just tired headaches.,yoruba,aed4ea4aa7a562aa286c376fd6b4dc2e3f4460264f2343658b8b0f09455717ce,Female,6.622000217437744,intron-MT,/mnt/multilingual_data/audio/Intron-Multimodal-Benchmarking/data/audio/intron/yoruba/0df96b1fcbe34b2522983b532dff4254_unClyCNM.wav,/home/azureuser/gabby_data_mls/Intron-Multimodal-Benchmarking/,True,sometimes I get headaches but I think they're just tired headaches.,"Calm down, don’t worry too much, but I can see that you are very concerned."
25271,Emi ko mọ pe dokita mi yoo fẹ lati gba ẹjẹ ni ọjọ Satidee eyiti o jẹ idi ti Emi ko fi yago fun mimu. Iwon AST mi jẹ okandinlaadorin ati iwon ALT mi mejidinlaadorun,I was unaware my doctor was going to want to take blood on Saturday which is why I didnt refrain from drinking.  My AST level was 69 and my ALT level 88.,yoruba,f13e0a4f9e34a1eafa772ca1354803203d2f4f988365f697d0e9e3eeff521c27,Male,19.50900077819824,intron-MT,/mnt/multilingual_data/audio/Intron-Multimodal-Benchmarking/data/audio/intron/yoruba/6158afeb95f4cccfb5514e549e78cda6_JuXtcTkt.wav,/home/azureuser/gabby_data_mls/Intron-Multimodal-Benchmarking/,True,I was unaware my doctor was going to want to take blood on Saturday which is why I didnt refrain from drinking.  My AST level was 69 and my ALT level 88.,"I just want to let you know that the doctor will come from Ibadan on Saturday. It’s better for you to get ready by Friday to prepare water for me. My older sibling is ten years old, and my younger siblings are nine years old."
18262,Àti pé ṣé o máa ń fa igbo tàbí o máa ń lo àwọn oògùn olóró èyíkéyìí?,And do you smoke marijuana or use any cannabis products?,yoruba,be7234a7bf31272842e783e47bc063818c738bdc9145b110f61c77f07074e839,Male,7.706999778747559,intron-MT,/mnt/multilingual_data/audio/Intron-Multimodal-Benchmarking/data/audio/intron/yoruba/221da65f8e9e68373edc7950952da2e2_r4MQDIV4.wav,/home/azureuser/gabby_data_mls/Intron-Multimodal-Benchmarking/,True,And do you smoke marijuana or use any cannabis products?,"War is not good, but sometimes people have no other choice but to use it to protect their community."
21371,"Ṣùgbọ́n nígbà tí o lóyún àkọ́kọ́, ǹjẹ́ o ní ìrírí irú nǹkan báyìí?","But in your first pregnancy, did you experience anything like this?",yoruba,ce2e8df6410b41e019d3d7013f4a11fcb691851f8d4933effe2a0095ba4aad00,Female,5.019000053405762,intron-MT,/mnt/multilingual_data/audio/Intron-Multimodal-Benchmarking/data/audio/intron/yoruba/14f65bc350b621cd19685ea873593f0b_uRSsosbd.wav,/home/azureuser/gabby_data_mls/Intron-Multimodal-Benchmarking/,True,"But in your first pregnancy, did you experience anything like this?","We don’t know what the future holds, but we hope that everything will turn out well."
25376,"Mo bere si ke lai dale. N je aisan Kan wa ti o fa ekun ailopin? Mo o ni irewesi, inu mi dun, mo ni itelorun pelu igbe aye mi.","i started uncontrolably crying.  is there some kind of disorder where you excessively cry?  im not depressed, ive very happy and content with my life.",yoruba,f35b19ba675f8eed0cd109d90d3eb0e1649bc983aacc91f2c5204826af12dd1e,Female,16.910999298095703,intron-MT,/mnt/multilingual_data/audio/Intron-Multimodal-Benchmarking/data/audio/intron/yoruba/b5b87785deea14dd886a491ba189f1d3_mWVpHhYM.wav,/home/azureuser/gabby_data_mls/Intron-Multimodal-Benchmarking/,True,"i started uncontrolably crying.  is there some kind of disorder where you excessively cry?  im not depressed, ive very happy and content with my life.","I have started a new job, and I want everyone to support me. It will bring me joy because it is a big opportunity in my life."
25724,"Mo ti n jiya lati aisan aleji eruku fun o pẹ ju oṣù 18 lọ, nigba ti mo ba mu ounje bii wara, wara oyinbo, eso ati awọn ọti osan, laarin wakati mẹta, mo maa ni ọgbẹ imu ati ìfarapa ẹnu.","i have been suffering from dust allergy for more than 18 months when i take foods like curd,milk, fruites and juices with in 3 hours i get cold and throat irritation.",yoruba,f8885f706fc551713763417a87c051078fd5e9c047995f031d8ae8b050c852b1,Female,21.179000854492188,intron-MT,/mnt/multilingual_data/audio/Intron-Multimodal-Benchmarking/data/audio/intron/yoruba/721f4d75c5e64467904cb688619f6483_13ACZlRf.wav,/home/azureuser/gabby_data_mls/Intron-Multimodal-Benchmarking/,True,"i have been suffering from dust allergy for more than 18 months when i take foods like curd,milk, fruites and juices with in 3 hours i get cold and throat irritation.","I noticed that eating at night often causes me stomach trouble. For example, when I consume foods like noodles, bread, fruits, and other things late at night, I feel discomfort after about three hours. I then find myself needing to stand up and move around to feel relief and ease the discomfort."
20008,Àwọn olùṣàmúlò orí ayélujára ti kéde ìwà ipá lórí ẹ̀rọ ayélujára:,Netizens have denounced the violence on social media:,yoruba,e09e69b5eac1f8f2abcf4435d53156ad2602a05c90e493223bb58f49968d66c7,Male,7.660999774932861,intron-MT,/mnt/multilingual_data/audio/Intron-Multimodal-Benchmarking/data/audio/intron/yoruba/c4f047ffd838eaec5f0ecb577f013771_lnR2ALjs.wav,/home/azureuser/gabby_data_mls/Intron-Multimodal-Benchmarking/,True,Netizens have denounced the violence on social media:,They are conducting a ceremony to officially switch on a new satellite system. They say the purpose of this new satellite system is to improve communication and make things better for everyone.
20161,"Ẹnlé, mo ń ní àwọn àmì ibà, oyi sí n kó mi pẹ̀lú. Ọjọ́ mélòó kan sẹ́yìn, ìsàlè ikùn dùn mi ṣùgbọ́n kò dùn mí mó báyìí ","Hi, I am having flu-like symptom and feeling giddy.  A few days before, I have slight pain in my lower abdominal but now I am experiencing no pain.",yoruba,e71f2e6d1dfe57a37f6e1ceab1bca9e9e9a673b98bfbea798bea33dfa3908f87,Female,11.878999710083008,intron-MT,/mnt/multilingual_data/audio/Intron-Multimodal-Benchmarking/data/audio/intron/yoruba/eddead343f2abd5cb199b5477988b9b2_AJbVJr53.wav,/home/azureuser/gabby_data_mls/Intron-Multimodal-Benchmarking/,True,"Hi, I am having flu-like symptom and feeling giddy.  A few days before, I have slight pain in my lower abdominal but now I am experiencing no pain.","I wanted to do something earlier, but I couldn’t finish it. That’s why I left it for now, but I’ll complete it later in the evening."
18990,"Bẹ́ẹ̀ni, ó dájú pé ó ti jẹ́ ọjọ́ mẹ́ta tàbí mẹ́rin, ṣùgbọ́n pẹ̀lú òtútù tó ga yìí àti àwọn àmì rẹ̀, pẹ̀lú ìdènà, ìyọ̀sí, àyípadà sí òórùn tàbí àdánù òórùn ó dàbí ẹni pé ó lè jẹ́ kòkòrò àrùn nítorí náà mo rò pé ó máa bọ́gbọ́n mu láti bẹ̀rẹ̀ sí í lo oògùn apakòkòrò àrùn nínú ọ̀ràn yìí, ṣùgbọ́n a máa kọjá, nípasẹ̀ àyẹ̀wò ara, wo àwọn vitals díẹ̀ kí a sì lọ láti ibẹ̀.","Yeah, for sure it's, it's been so it's been three or four days, but with a fever this high and his symptoms, with having obstruction, discharge, changes to smell or loss of smell it does sound like it could be bacterial and so I think it would be reasonable to possibly to start antibiotics in this case, but we'll go through, through a physical exam, check some vitals and go from there.",yoruba,70ca5649eb41a634e3cd8b3bc0523856aa01625b917fd8ffc723f5d7d2a49490,Male,30.17200088500977,intron-MT,/mnt/multilingual_data/audio/Intron-Multimodal-Benchmarking/data/audio/intron/yoruba/a4109693d8e0550ebec5397095380329_UUZbmYqR.wav,/home/azureuser/gabby_data_mls/Intron-Multimodal-Benchmarking/,True,"Yeah, for sure it's, it's been so it's been three or four days, but with a fever this high and his symptoms, with having obstruction, discharge, changes to smell or loss of smell it does sound like it could be bacterial and so I think it would be reasonable to possibly to start antibiotics in this case, but we'll go through, through a physical exam, check some vitals and go from there.","A child may not have the understanding to distinguish between what is dangerous or harmful. Therefore, they may repeatedly engage in behaviors that could hurt them. It is the responsibility of the adult to ensure guidance and correction, as well as to protect them from harm. In that way, we gradually nurture them towards proper development. Just as it is with children, even adults may unknowingly continue harmful habits. Hence, it is necessary to carefully learn and apply life lessons for one's well-being and good health."
20801,"Ó máa ń lé rìn tẹ́lẹ̀, ṣùgbọ́n nísìyín, ó ti rọ̀ọ́ lọ́rùn kí ó máa fẹ̀yìn lẹ́lẹ̀ kò dè ní lè tètè dìde.","She's used to be able to walk , but now she is more comfortable lying down and unable to get up easily.",yoruba,ed984dc712579314c4d19853915f35ff08f4b405b130d8cf27a7fbf00754a769,Female,7.547999858856201,intron-MT,/mnt/multilingual_data/audio/Intron-Multimodal-Benchmarking/data/audio/intron/yoruba/cdc6abde11948f5931972a4ce51cb21b_EZZGy9sj.wav,/home/azureuser/gabby_data_mls/Intron-Multimodal-Benchmarking/,True,"She's used to be able to walk , but now she is more comfortable lying down and unable to get up easily.","The journey of life is filled with many ups and downs, but we must not relent so that we can reach our destination with joy."
25103,O pe lẹyin  naa pẹlu abajade pe ko si ipade. Mo si ní  irora naa leni ati pe Mo tun lero ijakule lile naa. ,"He called later with the result that there was no node.  Today, I still have the pain, and still feel the hard bump.",yoruba,33855390d8837f37f43533591968b4a3fe3aa4edd993d4b2f9130d3bcccd5e27,Female,13.699000358581545,intron-MT,/mnt/multilingual_data/audio/Intron-Multimodal-Benchmarking/data/audio/intron/yoruba/16766a3f3c5f9634f9cb84651d61bec4_r8XBdJTi.wav,/home/azureuser/gabby_data_mls/Intron-Multimodal-Benchmarking/,True,"He called later with the result that there was no node.  Today, I still have the pain, and still feel the hard bump.","The main point of this is that if we don't work hard now, we will face problems ahead. It is important to work diligently so that we don't regret it later."
21958,"Ó dáa, ó dáa. Báwo ni ẹ̀jẹ̀ náà ṣe ń dà, ṣé ó pọ̀ gan-an?","OK, All right. So how is the bleeding like, is it very much?",yoruba,e6cd371ae1a66ff6ae38acbbda03bf3dd6cd79abc4346c07d8a8ab5e2774eebc,Female,4.815000057220459,intron-MT,/mnt/multilingual_data/audio/Intron-Multimodal-Benchmarking/data/audio/intron/yoruba/814c2c23427741e3865d69d39d28353d_tJwclo2a.wav,/home/azureuser/gabby_data_mls/Intron-Multimodal-Benchmarking/,True,"OK, All right. So how is the bleeding like, is it very much?","Marriage is a good thing, but both husband and wife must be patient so that the house can thrive."
21213,Tii oyin ṣe ìrànwọ́ díẹ̀.  Ṣé o lè sọ bóyá ó yẹ kí n da gp rẹ̀ láàmú lẹ́ẹ̀kan si?  Mo rò pé ó lè nílò àwọn oògùn apakòkòrò àrùn díẹ̀.,Honey tea helps very little.  Can you tell if i should bother her gp again?  I feel she might need some antibiotics,yoruba,cf152c43865969d6fc25a53003b9bb663e4cf717e404dbbaf1f615e4e7ca9158,Female,7.988999843597412,intron-MT,/mnt/multilingual_data/audio/Intron-Multimodal-Benchmarking/data/audio/intron/yoruba/81e77bddc4e1148b578e6a6a89b49697_KP0L41Ab.wav,/home/azureuser/gabby_data_mls/Intron-Multimodal-Benchmarking/,True,Honey tea helps very little.  Can you tell if i should bother her gp again?  I feel she might need some antibiotics,"Even if a child has plenty of clothes, he cannot have as many rags as an elder."
20908,O dun lati jẹ ati pe o tutu si ifọwọkan. Emi ko lero  koko kankan tabi ri ohunkohun ti o yatọ ju ti egbe ọtun.,It hurts to chew and is tender to the touch.  I don't feel any lumps or see anything different than on the right side.,yoruba,d2444f6c4d54c373e16fad1775b3ed1a3bd44a78012cb8c7d1c5c87bd70003f8,Female,9.418999671936035,intron-MT,/mnt/multilingual_data/audio/Intron-Multimodal-Benchmarking/data/audio/intron/yoruba/2db63c914eab94a262164c2c96e419b7_Rx74mQEB.wav,/home/azureuser/gabby_data_mls/Intron-Multimodal-Benchmarking/,True,It hurts to chew and is tender to the touch.  I don't feel any lumps or see anything different than on the right side.,"The importance of rainy season farming cannot be overemphasized, especially for crops and vegetables that thrive well during this period. It helps farmers produce fresh, healthy fruits and vegetables that support nutrition and food security."
25247,Mo ni Omokunrin  odun meta kan. O n bi ikan kan to ba n jeun tabi ikan kan leyin to ba reju ni ojo.,i have a baby boy 3 years old.  He is vomiting sometimes during his meals or sometimes after his nap during the day.,yoruba,457b50b4e4fce83051311aae5ea59909e9acade0d946c1798cef7a72cd79cb3b,Female,10.347999572753906,intron-MT,/mnt/multilingual_data/audio/Intron-Multimodal-Benchmarking/data/audio/intron/yoruba/1d9f12e7eeba2a2214666245e2ec5be1_VMuf4usZ.wav,/home/azureuser/gabby_data_mls/Intron-Multimodal-Benchmarking/,True,i have a baby boy 3 years old.  He is vomiting sometimes during his meals or sometimes after his nap during the day.,"Life is not about running a race to compete with others, but it is about helping each other in love."
17842,"Kò fẹ́ jẹun. Bẹ́ẹ̀, ó sọ pé ìgbẹ́ òun pọ́n rẹ́súrẹ́sú. Kò rọrùn fún wa láti lọ mú un rí dókítà. ","She doesn t want to eat.  Also, she says her stools are yellow.  We are having a hard time getting her to see the doctor.",yoruba,2cb60e36b7918a887515f1575006bf891585492aaea63830c36cbcf53ab8c91d,Female,8.918000221252441,intron-MT,/mnt/multilingual_data/audio/Intron-Multimodal-Benchmarking/data/audio/intron/yoruba/247dd3a179af1afaa2404d2a62bc0257_MRHuLsVr.wav,/home/azureuser/gabby_data_mls/Intron-Multimodal-Benchmarking/,True,"She doesn t want to eat.  Also, she says her stools are yellow.  We are having a hard time getting her to see the doctor.","This is a matter that requires careful attention, so we must think well before taking any step."
18475,"Ó ṣe ìrànlọ́wọ́ díẹ̀, ṣùgbọ́n ó kàn padà wá lẹ́yìn tí oògùn náà jáde.","It did help a little bit, but it just kind of came back after the medication wore out.",yoruba,b4dfa94eb4df58a4a172650696e9ffa838bff471e328573f7bd1c2238c98aaff,Female,7.040999889373779,intron-MT,/mnt/multilingual_data/audio/Intron-Multimodal-Benchmarking/data/audio/intron/yoruba/aec1f654d016d67861e22ea5107a2a39_NDy84gHT.wav,/home/azureuser/gabby_data_mls/Intron-Multimodal-Benchmarking/,True,"It did help a little bit, but it just kind of came back after the medication wore out.","This morning, I took the items you asked me to bring to the house."
20154,"Ṣe a si nilo ayẹwo síwájú si bi? To BA je oun ami ARS, o ye ki esi jẹ odi abi?
Ṣe o máa n pè ki Won mu awọn irinṣẹ to ba àìsàn ja jáde ati ṣe be naa ni fún p24 antigeni?","Further testing required?  If it was ARS symptoms, results should have been negative right?  Does antibody production get delayed due to various reasons and the same applies to p24 antigen?",yoruba,8d9a4f59b0710bbacb7b1d9bf1ed93dd869dc3eea484222eea8136dd73ca123e,Female,17.94499969482422,intron-MT,/mnt/multilingual_data/audio/Intron-Multimodal-Benchmarking/data/audio/intron/yoruba/d2598ea80175565e9a4e840e94cc3535_NG6LJhl4.wav,/home/azureuser/gabby_data_mls/Intron-Multimodal-Benchmarking/,True,"Further testing required?  If it was ARS symptoms, results should have been negative right?  Does antibody production get delayed due to various reasons and the same applies to p24 antigen?","Speak gently and calmly whenever you're addressing those younger than you. If you speak to them harshly, it could cause them to become afraid of you. It would be good to encourage them in their chores and also let them know the benefits of doing things at the right time and how it contributes to their future progress."
18852,"Rárá, mo ti wà ní ìlera lọ́nà yẹn.","No, I've been healthy that way.",yoruba,da931b1ea849c1e9701f96f97f8ada0541dd60e0d819682b40c0d114835f7461,Female,3.375,intron-MT,/mnt/multilingual_data/audio/Intron-Multimodal-Benchmarking/data/audio/intron/yoruba/4f8479f2768bd96149ab01d97fda4689_uU95IhNJ.wav,/home/azureuser/gabby_data_mls/Intron-Multimodal-Benchmarking/,True,"No, I've been healthy that way.",The child is crying because she is hungry.
19752,"[Isale] Ko si idi [lati yo o kuro], olori orile-ede ti ko se ojuse re gbodo kuro lori alefa ki nnkan le wa letoleto.","[Bottom] It is not enough [to remove him], the neglecting president must be removed from the management process so that he is properly done with.",yoruba,3bef40d8764c0598ca4eea0ecd31468d73e0a99858d6339a7bd4772a082fc1b1,Female,15.168999671936035,intron-MT,/mnt/multilingual_data/audio/Intron-Multimodal-Benchmarking/data/audio/intron/yoruba/2de1f40c578949ab7ce4d5ce334cf75d_l0HlBS22.wav,/home/azureuser/gabby_data_mls/Intron-Multimodal-Benchmarking/,True,"[Bottom] It is not enough [to remove him], the neglecting president must be removed from the management process so that he is properly done with.","The rule is that if you take a heavy object away from the earth’s surface, it will reduce in weight."
20077,"Enle, Mo ni ibalopo laipe bi wakati meejila seyin beeni ora idabobo naa fo. Emi ko mu awon oogun BC mi ni bii ojo mewa .","Hello, I recently had sex ( last 12 hours ) an the condom broke.  I haven t taken my BC pills in about 10 days.",yoruba,963b688f9f4a3f7d68f28c471e88d16050a94d209b22bbba5aaeb3447c344479,Male,16.207000732421875,intron-MT,/mnt/multilingual_data/audio/Intron-Multimodal-Benchmarking/data/audio/intron/yoruba/da4942cef907f155194bdc8771f84ea5_bpVtSn1x.wav,/home/azureuser/gabby_data_mls/Intron-Multimodal-Benchmarking/,True,"Hello, I recently had sex ( last 12 hours ) an the condom broke.  I haven t taken my BC pills in about 10 days.","The value of a person lies in their ability to stand firm in times of difficulty, and in their determination to handle any challenges that come their way."
25172,Mo ni egbò ni ida si meji oke ati isale ara mi kini ki nse? O n po sii o si ndun mi. Yi o kan be pelu eje ati oyún,I have sores on my belt line that wont heal what should I do? They grow and can be painful.  Typically they burst with blood and pus.,yoruba,b31253281a8a654752d54f8af2c844bb85940a234e834eccbbe764843f364232,Male,13.310999870300291,intron-MT,/mnt/multilingual_data/audio/Intron-Multimodal-Benchmarking/data/audio/intron/yoruba/cec045f7d1f45194aa3f07d2e88ade54_CJ1cg6at.wav,/home/azureuser/gabby_data_mls/Intron-Multimodal-Benchmarking/,True,I have sores on my belt line that wont heal what should I do? They grow and can be painful.  Typically they burst with blood and pus.,"The grace of God is abundant for us. I am thankful for life and because of that, I can work and progress. Let us continue to do good and God’s blessings will follow us."
21497,báwo ni a ṣe máa tọ́jú gbigbọn náà báyìí? ‘nítorí ẹ̀rù ń bà mí gan-an,how are we going to take care of the convulsion now? ‘cause I’m really scared,yoruba,7619073abb51b2530fc417e2900c79f666448cb30f367df83aab6e93ee64b7ca,Female,9.079999923706056,intron-MT,/mnt/multilingual_data/audio/Intron-Multimodal-Benchmarking/data/audio/intron/yoruba/285e042c92f962088cd737e5af8ba99c_HjX7ZEXg.wav,/home/azureuser/gabby_data_mls/Intron-Multimodal-Benchmarking/,True,how are we going to take care of the convulsion now? ‘cause I’m really scared,"When an elder sees something sitting, if a child climbs a tree, they still won’t see it. It’s the wisdom of the elder."
21091,"Mo ni TMJ, nítorí náà mo rò pé ó lè jẹ́ ìdí nìyẹn, ṣùgbọ́n ó ti buru sí i tí ó sì ma n ṣẹlẹ̀ púpọ̀ jù láti ìgbà tí ọgbẹ̀ náà fara hàn?????? Ẹ JỌ̀WỌ́ RÁN MI LỌ́WỌ́!","I have TMJ, so I tnk that it may be the cause of that, but it s gotten worse and more frequent since the lump showed up?????? PLEASE HELP!",yoruba,cf152c43865969d6fc25a53003b9bb663e4cf717e404dbbaf1f615e4e7ca9158,Female,13.991999626159668,intron-MT,/mnt/multilingual_data/audio/Intron-Multimodal-Benchmarking/data/audio/intron/yoruba/475fdb43dfc2416eaf8754dc8d57578d_5PMNiQUp.wav,/home/azureuser/gabby_data_mls/Intron-Multimodal-Benchmarking/,True,"I have TMJ, so I tnk that it may be the cause of that, but it s gotten worse and more frequent since the lump showed up?????? PLEASE HELP!","No matter how difficult it is, just trust that your efforts will yield good results. Whatever is worth doing at all is worth doing well. Entreat the elders to guide us."
25162,"Gẹ́gẹ́ bí àbájáde ìwádìí ultrasound tí mo ṣe ní ọdún 2005, wọ́n sọ pé mo ní àrùn ọ̀ra nínú ẹdò, ṣùgbọ́n mi ò dá sí ìṣòro yẹn nítorí pé mo ní òkúta nínú ifun kekere, tí wọ́n sì yọ ọ́ kúrò pẹ̀lú ìṣẹ́ àbẹ.","Based from the ultrasound did last 2005, i had fatty liver but then i didnt focus on that problem since i had gallbladder stone which was then removed through operation.",yoruba,ae4d0cd1f843e0d42901aae0b0d7cdb823a563a3308f32795289b17eb0285b28,Female,16.589000701904297,intron-MT,/mnt/multilingual_data/audio/Intron-Multimodal-Benchmarking/data/audio/intron/yoruba/5cb60adeb0180fbfefd7e59a179171af_xReHeGFC.wav,/home/azureuser/gabby_data_mls/Intron-Multimodal-Benchmarking/,True,"Based from the ultrasound did last 2005, i had fatty liver but then i didnt focus on that problem since i had gallbladder stone which was then removed through operation.","What happened is that we started the work in the year 2005. The main concern was that we didn’t see any result, but we decided to continue working because we believed that in the end, we would achieve success as we had expected."
25718,"Títí di ọmọ ọdún 14, mo máa ń jẹ ẹyin dáadáa, ṣùgbọ́n lẹ́yìn náà ni ìṣòrò yìí bẹ̀rẹ̀. Ṣe ojútùú kan wà fún èyí?",till the age of 14 i use to intkake eggs properly after that this problem started.  Is there any solution for this.,yoruba,f8885f706fc551713763417a87c051078fd5e9c047995f031d8ae8b050c852b1,Female,10.98799991607666,intron-MT,/mnt/multilingual_data/audio/Intron-Multimodal-Benchmarking/data/audio/intron/yoruba/c32bc19ba7a6edaf012db7cdc369d94f_b6pXIsnI.wav,/home/azureuser/gabby_data_mls/Intron-Multimodal-Benchmarking/,True,till the age of 14 i use to intkake eggs properly after that this problem started.  Is there any solution for this.,We had a meeting yesterday and decided to discuss the questions we’ve been facing. Please come so we can talk together.
21105,Mo ní kuruna tí ń yun mi pupọ ti o n tàn kálẹ̀ tí ó ń yọjú tí ó si n pora ní oríṣiríṣi ibi.  Ní òwúrọ̀ yii mo jí láti rí i pé ètè àti ọwọ́ mi ti wú soke gidi.,I have a very itchy rash thats been spreading and appearing on and off in different places.  Ts morning i woke to find that my lips and hands had swelled right up.,yoruba,c5a965cf22f03d091617079bad127a687e58f674bf81405f5b4b08253e22e7f9,Female,13.803000450134276,intron-MT,/mnt/multilingual_data/audio/Intron-Multimodal-Benchmarking/data/audio/intron/yoruba/dd8ab936c7a1205f1d3c3c10954b4674_XioDNq7i.wav,/home/azureuser/gabby_data_mls/Intron-Multimodal-Benchmarking/,True,I have a very itchy rash thats been spreading and appearing on and off in different places.  Ts morning i woke to find that my lips and hands had swelled right up.,"The king’s childhood friends were twin brothers who grew up in the same village as him. One day, when the king fell ill, they both decided to call a powerful healer. They traveled far until they found someone who could cure the king, and together with the healer, they returned to the palace to restore the king’s health."
20385,"Ololufe, Otito pe o ri nnkan osu re leyin ibalopo ti fihan pe o sese pe o loyun. Atipe , awon idanwo oyun to se lemeji naa ja so di. ","Hallow Dear, The very fact you had menses after the sexual relations indicates that you are mostly not pregnant.  Moreover, you urine pregnancy tests performed twice are also negative.",yoruba,6bd0fdedacd07a6f664c2d4ea2f64576f062b35bcd60de01edb948458ef637f6,Female,14.20300006866455,intron-MT,/mnt/multilingual_data/audio/Intron-Multimodal-Benchmarking/data/audio/intron/yoruba/02cbf240930017074f12e153a9c7137d_4ZQMioHN.wav,/home/azureuser/gabby_data_mls/Intron-Multimodal-Benchmarking/,True,"Hallow Dear, The very fact you had menses after the sexual relations indicates that you are mostly not pregnant.  Moreover, you urine pregnancy tests performed twice are also negative.","The chief said that the decisions we make today will shape our future, and the sacrifices we make now will bring blessings upon us. Moreover, the ancestors who have walked this path before us will guide us and give us strength."
20819,Ǹjẹ́ ó tini lójú láti fá irun abẹ́ rẹ. Mo lérò wí pé ó rí bákan bákan. Tàbí ṣe o máa ń ṣe é fúnra rẹ? Lol,is it embarrassing to get your hair down there waxed.  I think it would be a little weird.  or do you do it yourself ?  lol.,yoruba,f2de9427cea8a76995f613e8dc24b61c2bf6cc83cca86009bab339abc734dd01,Female,10.414999961853027,intron-MT,/mnt/multilingual_data/audio/Intron-Multimodal-Benchmarking/data/audio/intron/yoruba/112674a1f77ea3e6a31669ae4bce0850_Is1G6q4i.wav,/home/azureuser/gabby_data_mls/Intron-Multimodal-Benchmarking/,True,is it embarrassing to get your hair down there waxed.  I think it would be a little weird.  or do you do it yourself ?  lol.,"I am at the place I spoke about previously. I can see that there is a big problem everywhere, or isn’t that the case?"
19757,Awon okunrin ti n wa tirela ati tank epo nla láti Ibadan si Kano ati Maiduguri( ibi to Jina ga-an ni ilé Hausa) pèlú awon Karuwa ti won sise ni ilé isé.,"The type of men who drive heavy trailers and tankers from Ibadan to Kano and Maiduguri in the far North, with hired harlots for company.",yoruba,3bef40d8764c0598ca4eea0ecd31468d73e0a99858d6339a7bd4772a082fc1b1,Female,14.807000160217283,intron-MT,/mnt/multilingual_data/audio/Intron-Multimodal-Benchmarking/data/audio/intron/yoruba/ea48dcf37644f703f9f2995a77cd1e42_34LkXhDX.wav,/home/azureuser/gabby_data_mls/Intron-Multimodal-Benchmarking/,True,"The type of men who drive heavy trailers and tankers from Ibadan to Kano and Maiduguri in the far North, with hired harlots for company.","Our people are asking for thank you messages from Ibadan to Kano and Maiduguri, because the distance is far over there in Hausa land, but they are working diligently."
21216,"Mo ti ń ní ìrírí àwọn palpataions wọ̀nyí, (kíákíá àti àìṣedéédéé) ọkàn mi sì ti ń lù láti ọ̀sẹ̀ tó kọjá tí ó fẹ́rẹ̀ẹ́ máa ń lù ní gbogbo ìgbà. Ó dàbí pé ìkọlù ọkàn kíákíá máa ń dákẹ́ nígbà tí mo bá jókòó tàbí tí mo bá dùbúlẹ̀.","I have been experiencing these palpataions, (rapid and erratic) heart beat as well since last week almost constantly.  Rapid heart beat seems to calm when I am sitting or lying down.",yoruba,cf152c43865969d6fc25a53003b9bb663e4cf717e404dbbaf1f615e4e7ca9158,Female,16.566999435424805,intron-MT,/mnt/multilingual_data/audio/Intron-Multimodal-Benchmarking/data/audio/intron/yoruba/22023143b7060c5e230ef6ab6ce5365a_dQS23ZLK.wav,/home/azureuser/gabby_data_mls/Intron-Multimodal-Benchmarking/,True,"I have been experiencing these palpataions, (rapid and erratic) heart beat as well since last week almost constantly.  Rapid heart beat seems to calm when I am sitting or lying down.","When I’m at work and I have a place to sit, what I want is to sit comfortably without thinking that the seat is about to break. Because a small chair that isn’t sturdy will make me feel uncomfortable when I sit down or stand up."
19861,"Ma ugbu a, ọ dị ka nke a.","And now, it looks like this.",yoruba,bd6ce306cbaf1b00da1124a5f1ce14a1411369d20f60ad403eab7273527c1df3,Female,3.289999961853028,intron-MT,/mnt/multilingual_data/audio/Intron-Multimodal-Benchmarking/data/audio/intron/yoruba/e159d03a4953ac0f130d692bcb030178_WNGYEk0F.wav,/home/azureuser/gabby_data_mls/Intron-Multimodal-Benchmarking/,True,"And now, it looks like this.",Today is a rainy day.
25338,Iyawo mi ni cardiomyopathy leyin ayewo re lai pe yi lori Wahala sise re ni won ti wi fun un pe agbara okan an re ti ja wale gidi gidi ti o si wa ni ipin meedogun bayi.,My wife has cardiomyopathy and on her recent stress test she was told her heart capacity dropped drastically and now is at 15%.,yoruba,b31253281a8a654752d54f8af2c844bb85940a234e834eccbbe764843f364232,Male,14.880999565124512,intron-MT,/mnt/multilingual_data/audio/Intron-Multimodal-Benchmarking/data/audio/intron/yoruba/c576b00472d970c8338f0e5bca527669_Y6UlyH8U.wav,/home/azureuser/gabby_data_mls/Intron-Multimodal-Benchmarking/,True,My wife has cardiomyopathy and on her recent stress test she was told her heart capacity dropped drastically and now is at 15%.,"{""It is about the issue of cardiomyopathy. The issue is a serious one and it means that the heart muscle is greatly weakened, and it becomes unable to pump blood properly.""}"
20810,Mo ní ìrora kan lápá òsì ní ìsàlẹ̀ ìdodo mi. Mo ti ní in tẹ́lẹ̀ tí wọ́n sì ní láti ṣe àtúnṣe sí Colon náà. Ó ṣẹlẹ̀ lẹ́ẹ̀kan sì tí mo sì ní láti ṣe iṣẹ́ abẹ láti yọ ìdíwọ́ náà kúrò.,i HAVE LOWER LEFT ABDOMEN PAIN.  i HAVE HAD BEFORE AND THE COLON RUPTURED AND HAD TO BE REPAIRED.  one AGAIN IT HAPPENED AND i HAD SURGERY TO REMOVE A BLOCKAGE.,yoruba,f2de9427cea8a76995f613e8dc24b61c2bf6cc83cca86009bab339abc734dd01,Female,18.125,intron-MT,/mnt/multilingual_data/audio/Intron-Multimodal-Benchmarking/data/audio/intron/yoruba/9dd5783a2aefe9a8d97b4a7e6edea56a_wm1Kwn8J.wav,/home/azureuser/gabby_data_mls/Intron-Multimodal-Benchmarking/,True,i HAVE LOWER LEFT ABDOMEN PAIN.  i HAVE HAD BEFORE AND THE COLON RUPTURED AND HAD TO BE REPAIRED.  one AGAIN IT HAPPENED AND i HAD SURGERY TO REMOVE A BLOCKAGE.,"I have been experiencing menopause symptoms. I have also tried to adjust and use hormones. Something else happened, and I now have to undergo surgery to remove some of the complications."
25101,"Dókítà mẹtala otooto ni mo tiri ni nkan bíi ọdún méjì sẹyìn, ni bayi emi ko ni anfani lati ṣiṣẹ mo.Ni gba kan rí mo jé alàkóso ilẹ isẹ CPA, ṣugbọn Mo ni lati kowe fi isẹ sile.",Ive seen 13 different doctors in the past two years and now Im no longer able to work.  I used to manage a CPA firm and I had to resign.,yoruba,33855390d8837f37f43533591968b4a3fe3aa4edd993d4b2f9130d3bcccd5e27,Female,17.981000900268555,intron-MT,/mnt/multilingual_data/audio/Intron-Multimodal-Benchmarking/data/audio/intron/yoruba/2bb643c78e4e6d153f4e208f251dbc0a_nCYzoC5d.wav,/home/azureuser/gabby_data_mls/Intron-Multimodal-Benchmarking/,True,Ive seen 13 different doctors in the past two years and now Im no longer able to work.  I used to manage a CPA firm and I had to resign.,"When we are trying to learn new material, it is good to first read it carefully. After that, we should review and practice it regularly. Also, it is important to teach others because teaching helps us to understand it better. However, everything must be done with dedication and effort."
20387,"Fun bi osu meje bai ni mo ti ni aifokanbale, aipe yii ni mo tun tin ni ifori die pelu awon oun miiran nigbogbo ori mi ",I ve been having anxiety for the past 7 months and recently I ve been getting mild headaches and weird sensations all over my head.,yoruba,6bd0fdedacd07a6f664c2d4ea2f64576f062b35bcd60de01edb948458ef637f6,Female,13.664999961853027,intron-MT,/mnt/multilingual_data/audio/Intron-Multimodal-Benchmarking/data/audio/intron/yoruba/5a00d483ba1edf3a085f5710a4124a05_wFCF2DMw.wav,/home/azureuser/gabby_data_mls/Intron-Multimodal-Benchmarking/,True,I ve been having anxiety for the past 7 months and recently I ve been getting mild headaches and weird sensations all over my head.,"{""B is my bag; I bought it with money; now I am going to the gate of the house to gather all the children in all the surrounding areas.""}"
25230,Ni inu osu keta odun 2012 Won ri pe mo ni w/a1cm koko edoforo.ikoworin elekeji PET iyawo ran won so fun mi pe mo ti ni oju apa ni ona bi eje le gba ,In march 2012 I was diagnosed w/a 1 cm lung nodule.  Following a second PET scan I was told that I had lesions in my spleen.,yoruba,2da4d5c093d36acce714fbcceb2f81e0368c92a0781911aeda4aef3146083a0c,Female,23.718000411987305,intron-MT,/mnt/multilingual_data/audio/Intron-Multimodal-Benchmarking/data/audio/intron/yoruba/a08d168d531ab524df6836866c40e608_zkmIShEQ.wav,/home/azureuser/gabby_data_mls/Intron-Multimodal-Benchmarking/,True,In march 2012 I was diagnosed w/a 1 cm lung nodule.  Following a second PET scan I was told that I had lesions in my spleen.,"When a child washes his hands, he eats with elders. Our elders say that a person who uses good manners will have something good to eat. This proverbs means that if a person behaves well and shows respect, they will enjoy the company and benefits that come from elders and respected individuals."
25416,Bí ajá ti gé e  jẹ àti ko si alaye nípa ipo aje sára. Gii ge je ko tii fà awo ará rè kí  o bàjé ,As you were bitten by a dog and there is no information about the vaccination status of the dog.  The bite has not led to break of the skin.,yoruba,61aa349ad93ba629d0472a4090f93580fb243fd1a9601b75209ed69e41040bff,Female,8.704999923706055,intron-MT,/mnt/multilingual_data/audio/Intron-Multimodal-Benchmarking/data/audio/intron/yoruba/8e41efb0898956db3e373218cf36639c_zhR8u94y.wav,/home/azureuser/gabby_data_mls/Intron-Multimodal-Benchmarking/,True,As you were bitten by a dog and there is no information about the vaccination status of the dog.  The bite has not led to break of the skin.,"Of course, please play the audio and I will translate it for you."
18460,Irú ìtọ́jú wo ni o ti ní títí di báyìí?,What kind of treatments have you had so far?,yoruba,31ff7366762d45b8c0954bb0a19c291b244e1cf83bf6bda492175c4a3f533f14,Male,3.938999891281128,intron-MT,/mnt/multilingual_data/audio/Intron-Multimodal-Benchmarking/data/audio/intron/yoruba/746d4965c3bae7625fbf67522c7fcd6b_ebLYVAME.wav,/home/azureuser/gabby_data_mls/Intron-Multimodal-Benchmarking/,True,What kind of treatments have you had so far?,I have been trying to reach you for two days.
18954,Ṣé o mọ àwọn kúlẹ̀kúlẹ̀ tó wà lẹ́yìn iṣẹ́ abẹ rẹ?,Are you aware of the details behind your surgery?,yoruba,da7d509f574bfabaa6d88f9de1e578d9bf607f09dbfe8b7f66d3d3d68f23cfdd,Female,8.9350004196167,intron-MT,/mnt/multilingual_data/audio/Intron-Multimodal-Benchmarking/data/audio/intron/yoruba/d91f70a08a695d7ec95d45f04333718e_c2oViInC.wav,/home/azureuser/gabby_data_mls/Intron-Multimodal-Benchmarking/,True,Are you aware of the details behind your surgery?,It’s the child helping the elder that threads the needle.
21122,Bẹ́ẹ̀ni ó lè ṣẹlẹ̀ gẹ́gẹ́ bí àbájáde oògùn ẹnu.  Nínú iṣẹ́ mi ojoojúmọ́ mo rí àwọn ènìyàn kan tí wọ́n ń ṣàròyé nípa irú àìsàn tí ó gbòde kan bẹ́ẹ̀.,And yes it can happen as a result of oral pill.  In my daily practice I come across some people who complain of such generalized illness.,yoruba,cf152c43865969d6fc25a53003b9bb663e4cf717e404dbbaf1f615e4e7ca9158,Female,10.373000144958496,intron-MT,/mnt/multilingual_data/audio/Intron-Multimodal-Benchmarking/data/audio/intron/yoruba/c581790929e5b0eaee34c78daa0603e5_9c0m5vAQ.wav,/home/azureuser/gabby_data_mls/Intron-Multimodal-Benchmarking/,True,And yes it can happen as a result of oral pill.  In my daily practice I come across some people who complain of such generalized illness.,I have come to greet you. How is the home? I pray that God will continue to guide and protect you and that everything will go well.
25279,Kidinrin mejeji ṣe afihan ẹ̀kún àwọn keliksi rẹ àti pé kidinrin tí apá òsì ṣe afihan ibi tí ó n tan imọlẹ ní àárín Keliksi (kírístàlì).  Àpò ìtọ̀ wà dédé ní irisi àti ìwọ̀n ìgba nkán sí.,.Both kidneys show fullness of its calyces and teh lkeft kidney shows an echogenic focus in the midcalyx (crystal). .  Urinary bladder is normal shape and capacity. .,yoruba,a12906c1ac138047326064cc7ac98e07263685c322500f9da9fe8f1d90046e81,Male,22.9689998626709,intron-MT,/mnt/multilingual_data/audio/Intron-Multimodal-Benchmarking/data/audio/intron/yoruba/8a70d190f29067d2f50d124aed71967e_OkGOS46t.wav,/home/azureuser/gabby_data_mls/Intron-Multimodal-Benchmarking/,True,.Both kidneys show fullness of its calyces and teh lkeft kidney shows an echogenic focus in the midcalyx (crystal). .  Urinary bladder is normal shape and capacity. .,"Keyboards are important tools for entering information on computers and mobile devices. They allow users to type text, numbers, and symbols quickly and efficiently.

Most modern keyboards have a standard layout, known as QWERTY, named after the first six letters on the top row. This layout has been in use since the 19th century and remains popular due to its familiarity.

There are different types of keyboards, including mechanical keyboards, membrane keyboards, and virtual keyboards found on touch screens. Mechanical keyboards are known for their tactile feedback and durability, while membrane keyboards are often quieter and more lightweight.

In addition to the standard keys, many keyboards also feature special function keys, multimedia keys, and shortcuts that allow users to perform common tasks more easily.

Overall, the keyboard remains an essential input device in the modern world of computing and communication."
21498,"Mo kàn, mo kàn ń rẹ̀wẹ̀sì mo sì ń rẹ̀wẹ̀sì. Kàn máa rẹ̀wẹ̀sì o sì máa ń rẹ̀wẹ̀sì.","I just, I just feel tired and weak. Just feel tired and weak.",yoruba,7619073abb51b2530fc417e2900c79f666448cb30f367df83aab6e93ee64b7ca,Female,11.92199993133545,intron-MT,/mnt/multilingual_data/audio/Intron-Multimodal-Benchmarking/data/audio/intron/yoruba/f81d77ddaf0c901585b800f6967c9c6e_bgrw0Ko3.wav,/home/azureuser/gabby_data_mls/Intron-Multimodal-Benchmarking/,True,"I just, I just feel tired and weak. Just feel tired and weak.",I'm going. I'm going to the market. We are going to the market. They are going to the market. He's going to the market. She's going to the market. We will go together to the market. I will go to the market too.
19862,Ìbálòpọ̀ tó wà láàárín ìpínlẹ̀ Èkó àti ilẹ̀ Gẹ̀ẹ́sì bẹ̀rẹ̀ ní ọ̀pọ̀lọpọ̀ ọdún sẹ́yìn.,The relationship between Lagos state and Britain started many years back.,yoruba,bd6ce306cbaf1b00da1124a5f1ce14a1411369d20f60ad403eab7273527c1df3,Female,8.631999969482422,intron-MT,/mnt/multilingual_data/audio/Intron-Multimodal-Benchmarking/data/audio/intron/yoruba/21c76090a6815f7e680477e504f72512_fnaQkVhr.wav,/home/azureuser/gabby_data_mls/Intron-Multimodal-Benchmarking/,True,The relationship between Lagos state and Britain started many years back.,"When we look at the history of our town, we will see that the town has been in existence for many years."
18219,"Èyí ni agbára agbẹjọ́rò mi, dókítà.","This is my power of attorney, doctor.",yoruba,4264895a2c6af4fc5efaf75e9b4993069f2fbe3c84cbd5d40a5a63feeaf96019,Male,4.85699987411499,intron-MT,/mnt/multilingual_data/audio/Intron-Multimodal-Benchmarking/data/audio/intron/yoruba/8131ae581efd2c75266d60b5c0edbc89_DY9ey1Na.wav,/home/azureuser/gabby_data_mls/Intron-Multimodal-Benchmarking/,True,"This is my power of attorney, doctor.","This is my words to you, my friend. What we have discussed is very important, and I hope we will carry it out soon."
25289,"Beeni, mo șeșe bere ni, mo n ni imolara irora diedie ni ipari ișe. Beeni. Nje ounkoun wa to le mu ko buru si tabi rorun, irora yii? ","Um yeah, I was just having it uh, feeling the pain a bit more at the end of work.OK, does uh anything make it better or worse, the pain?",yoruba,e80c31254d6f795a7db33d620b8cd9d22ba6fa71693c5266f2860b954ba54f8a,Male,16.09000015258789,intron-MT,/mnt/multilingual_data/audio/Intron-Multimodal-Benchmarking/data/audio/intron/yoruba/e9795debe786ae21bf0c1adf0a29c398_rjg5gPDZ.wav,/home/azureuser/gabby_data_mls/Intron-Multimodal-Benchmarking/,True,"Um yeah, I was just having it uh, feeling the pain a bit more at the end of work.OK, does uh anything make it better or worse, the pain?",Okay. I want to discuss this load with you. Okay. Molara is facing some difficulties at work. Okay. Please help advise on what will be best regarding this difficulty.
18258,"Nítorí náà mo wà, ní nǹkan bí ọ̀sẹ̀ kan sẹ́yìn, ṣùgbọ́n ó dára, ó dára báyìí, ní ọjọ́ díẹ̀ sẹ́yìn.","So I was, about a week ago, but I'm OK, OK now, the last few days.",yoruba,9da3a5aaa70eefe832f08d02cdeb7aa53fa1c80c336fac55ea9a3cf8bd009ba7,Male,7.557000160217285,intron-MT,/mnt/multilingual_data/audio/Intron-Multimodal-Benchmarking/data/audio/intron/yoruba/4f6fb8b5be26c975625fda1dcae9c35a_nRcaDoLM.wav,/home/azureuser/gabby_data_mls/Intron-Multimodal-Benchmarking/,True,"So I was, about a week ago, but I'm OK, OK now, the last few days.","When I think about it, I realize that good health is truly better than wealth. A healthy body and mind can help us achieve success and happiness in all aspects of life. Without good health, it’s difficult to enjoy the wealth we accumulate. Therefore, we must prioritize taking care of our health above all else."
18128,"Ó dára, àwòrán mi sọ pé ọmọ ọdún mẹ́rìnlá ni ọ́.","Good, my chart says that you're fourteen years old.",yoruba,aed4ea4aa7a562aa286c376fd6b4dc2e3f4460264f2343658b8b0f09455717ce,Female,3.67300009727478,intron-MT,/mnt/multilingual_data/audio/Intron-Multimodal-Benchmarking/data/audio/intron/yoruba/da34e8b5176165672f87edde83562dcc_aIlHdZ3u.wav,/home/azureuser/gabby_data_mls/Intron-Multimodal-Benchmarking/,True,"Good, my chart says that you're fourteen years old.","The journey to our hometown is tomorrow morning, so we have to prepare everything tonight."
20558,"Emi yo oo fẹ lati mọ ti ko ba si ilọsiwaju kini a yoo ṣe. O ṣeun baba agba mi, ẹni ọdun metadinlaadorun, ito suga ati pe o ni eje riru paapaa.","I would like to know if there is no progrees what shall we do.  THank you my grandfather, 87 years old, diabetic and has hypertension too.",yoruba,57d22b5b99f38ac668c9d70ba034eadadb54383e1d5171d36e7c78d28f2c8286,Male,18.924999237060547,intron-MT,/mnt/multilingual_data/audio/Intron-Multimodal-Benchmarking/data/audio/intron/yoruba/4a5027aed6736f7416b439a238e20bf8_InAJyz0L.wav,/home/azureuser/gabby_data_mls/Intron-Multimodal-Benchmarking/,True,"I would like to know if there is no progrees what shall we do.  THank you my grandfather, 87 years old, diabetic and has hypertension too.","I want to know, without telling my parents. What should I do? As my father is a judge, he has been serving since three years ago, and he is very strict. And he also has many friends who are lawyers."
18547,"Ohun tí mò ń sọ ni pé àwọn méjèèjì yẹn, mo ní, mo ti kọ wọ́n sílẹ̀ gẹ́gẹ́ bí ìwé díẹ̀.","I mean that's those two, I had, I've got them written down a wee bit of paper so.",yoruba,da931b1ea849c1e9701f96f97f8ada0541dd60e0d819682b40c0d114835f7461,Female,7.306000232696533,intron-MT,/mnt/multilingual_data/audio/Intron-Multimodal-Benchmarking/data/audio/intron/yoruba/a5eee50ce3bd53be4341c535f8cbc340_y2xbYo5N.wav,/home/azureuser/gabby_data_mls/Intron-Multimodal-Benchmarking/,True,"I mean that's those two, I had, I've got them written down a wee bit of paper so.","The owner of the farm said that when the rain falls and it waters the soil, the crops will grow well."
20384,Loni mo fun awon nnkan pupo to dabi brown lo jade pelu oun to Jo nkan dudu. So ye ki n beru? Eyi ko tii sele ni ogbon odun ,Today I sqeezed it and A large amount of brown stuff came out along with what looked like black fuzz.  Should I be alarmed?  This has never happened in 30 years.,yoruba,6bd0fdedacd07a6f664c2d4ea2f64576f062b35bcd60de01edb948458ef637f6,Female,11.050000190734863,intron-MT,/mnt/multilingual_data/audio/Intron-Multimodal-Benchmarking/data/audio/intron/yoruba/a775b2a70936f8a6b17f47ae329ae1ea_tYQ88e3B.wav,/home/azureuser/gabby_data_mls/Intron-Multimodal-Benchmarking/,True,Today I sqeezed it and A large amount of brown stuff came out along with what looked like black fuzz.  Should I be alarmed?  This has never happened in 30 years.,"What I am saying is that when you add a lot of brown things, it can create something that looks black. So that is what happened with the mixture."
18466,Ìgbà wo ni o bẹ̀rẹ̀ sí ní ṣàkíyèsí pé ìdúróṣánṣán rẹ ti ní ipa?,When did you start noticing your balance was affected?,yoruba,31ff7366762d45b8c0954bb0a19c291b244e1cf83bf6bda492175c4a3f533f14,Male,7.449999809265137,intron-MT,/mnt/multilingual_data/audio/Intron-Multimodal-Benchmarking/data/audio/intron/yoruba/2f9433e770723d1fa9e76f01d4da3bad_XXLwVt9H.wav,/home/azureuser/gabby_data_mls/Intron-Multimodal-Benchmarking/,True,When did you start noticing your balance was affected?,The king has decided that no one should enter the palace except those who have been invited.
25402,"S o lero pe ki  a se atunyewo  awon ogun yen niwon igba ti ohun to le se okunfa ifunpa giga bi siga fifa ko si bayi? Bawo ni, o se fun ibere ti o bere.",Do you think the drug regime should be reviewed since the probable cause of the hypertension (smoking) is now absent?  Hi thanks for asking question.,yoruba,a992ab30765bfa3b237e43bb7170fd56b9036bc3b0d4b4f6eb6f7b8c9fdb1698,Male,19.554000854492188,intron-MT,/mnt/multilingual_data/audio/Intron-Multimodal-Benchmarking/data/audio/intron/yoruba/a81d62eb58661cccfeb419af2bb135d4_0AqGukU4.wav,/home/azureuser/gabby_data_mls/Intron-Multimodal-Benchmarking/,True,Do you think the drug regime should be reviewed since the probable cause of the hypertension (smoking) is now absent?  Hi thanks for asking question.,"She said that anyone who knows the beginning of creation in Ifa should spread Ifa, but if you don't know Ifa, there's no need to. She said thank you for the question you asked."
19813,"Fún àpẹẹrẹ, Nassir El-Rufai, gómìnà ìpínlẹ̀ Kaduna lọ́wọ́lọ́wọ́ fi ẹ̀sùn kàn ní ọdún 2014 - láìsí ẹ̀rí - pé òun ni  ""ẹlẹ́ẹ̀keèje nínú àtòkọ sniper ti  [Ààrẹ Jonathan Goodluck]"".","For instance, Nassir El-Rufai, current governor of Kaduna State alleged in 2014 — without evidence — that he was “number 7 on [President Jonathan Goodluck’s] sniper’s list”.",yoruba,cb3b0e3793c3aba02eeab442b5de7ee7ffa4cca7d93d3d3af2818b34b9df8897,Female,13.538999557495115,intron-MT,/mnt/multilingual_data/audio/Intron-Multimodal-Benchmarking/data/audio/intron/yoruba/055293b7dabd8e013cf405c676ca6613_RADS3gpw.wav,/home/azureuser/gabby_data_mls/Intron-Multimodal-Benchmarking/,True,"For instance, Nassir El-Rufai, current governor of Kaduna State alleged in 2014 — without evidence — that he was “number 7 on [President Jonathan Goodluck’s] sniper’s list”.","What I heard was that during the 2014 election, they turned a married woman to a cook so she was cooking for Jonathan Goodluck."
17965,Yóò ràn ọ́ lọ́wọ́ pẹ̀lú ìrora àti ìrẹ̀wẹ̀sì rẹ.,It will help you both with your pain and nausea.,yoruba,9da3a5aaa70eefe832f08d02cdeb7aa53fa1c80c336fac55ea9a3cf8bd009ba7,Male,4.466000080108643,intron-MT,/mnt/multilingual_data/audio/Intron-Multimodal-Benchmarking/data/audio/intron/yoruba/e74af48637947acd78830c72aa68adec_1ZOX34Sz.wav,/home/azureuser/gabby_data_mls/Intron-Multimodal-Benchmarking/,True,It will help you both with your pain and nausea.,"Please play the audio, and I will translate it for you."
21104,"Síbẹ̀síbẹ̀, mi ò tí ì ye wọn wo púpọ̀ fún ọ̀sẹ̀ díẹ̀ sẹ́yìn àti ọ̀sẹ̀ yii ní ọjọ́ aje, àti ní gbogbo òwúrọ̀ látìgbà náà, wọ́n ti ń yí padà láti igba o le mẹrin sí igba o le marundinlogoji.","However, I have not checked them much for the last few weeks and ts week on Monday, and every morning since, they have been ranging from 204 to 235.",yoruba,c5a965cf22f03d091617079bad127a687e58f674bf81405f5b4b08253e22e7f9,Female,16.197999954223633,intron-MT,/mnt/multilingual_data/audio/Intron-Multimodal-Benchmarking/data/audio/intron/yoruba/7a68c3c9e774b8e9533fc0fe6c229c7e_5oPgI5Mf.wav,/home/azureuser/gabby_data_mls/Intron-Multimodal-Benchmarking/,True,"However, I have not checked them much for the last few weeks and ts week on Monday, and every morning since, they have been ranging from 204 to 235.","During the period of 2020 and 2021, the changes that occurred in our society and across the entire world have brought many transformations. These caused huge obstacles that sped up the evolution we began from 2009 to 2019."
25733,"""Ọmọbìnrin mi jẹ́ omo ọdún mesan, ó sì ti ń ní irora ikun tí ó máa ń sọ pé ó dà bí oju sisu,tí ó si lopomo fifa eebi.",my daughter is 9 and has been having abdomen pain that usually she describes as heat and accompanied with a dizziness sensation along with nausea. .,yoruba,f8885f706fc551713763417a87c051078fd5e9c047995f031d8ae8b050c852b1,Female,14.769000053405762,intron-MT,/mnt/multilingual_data/audio/Intron-Multimodal-Benchmarking/data/audio/intron/yoruba/3f2999ca37d573983f4078a45e94760f_HJqvHnab.wav,/home/azureuser/gabby_data_mls/Intron-Multimodal-Benchmarking/,True,my daughter is 9 and has been having abdomen pain that usually she describes as heat and accompanied with a dizziness sensation along with nausea. .,"A child is inside the house, sitting quietly in reflection, as if they are meditating, and holding a piece of paper and a pen."
18267,Àti pé ìgbà wo ni o máa ń ní ìmọ̀lára àìmí tó pọ̀ jù?,And when do you feel the breathlessness the most?,yoruba,be7234a7bf31272842e783e47bc063818c738bdc9145b110f61c77f07074e839,Male,11.159000396728516,intron-MT,/mnt/multilingual_data/audio/Intron-Multimodal-Benchmarking/data/audio/intron/yoruba/2b3ffa8ae2dc71f130c991ef3878e553_YZrxr6Qc.wav,/home/azureuser/gabby_data_mls/Intron-Multimodal-Benchmarking/,True,And when do you feel the breathlessness the most?,"Yes, tomorrow might be challenging, but it will still be good."
18938,"Ó wà ní ìta a sì ń ṣe àfojúsùn jíjìnnà, ṣùgbọ́n, bẹ́ẹ̀ni.","It was outside and we were maintaining distancing, but, yeah.",yoruba,da7d509f574bfabaa6d88f9de1e578d9bf607f09dbfe8b7f66d3d3d68f23cfdd,Female,9.949999809265137,intron-MT,/mnt/multilingual_data/audio/Intron-Multimodal-Benchmarking/data/audio/intron/yoruba/0a31b3bbf4f1cbf13f12fd1a04d746ef_oqyi8C3G.wav,/home/azureuser/gabby_data_mls/Intron-Multimodal-Benchmarking/,True,"It was outside and we were maintaining distancing, but, yeah.","It’s true that we have been trying our best, but we are still not there yet."
19674,Kò kan dandan pé kí o padè lójó kan naa.,He did not have to return In the same day.,yoruba,da7d509f574bfabaa6d88f9de1e578d9bf607f09dbfe8b7f66d3d3d68f23cfdd,Female,5.583000183105469,intron-MT,/mnt/multilingual_data/audio/Intron-Multimodal-Benchmarking/data/audio/intron/yoruba/2a15c148509da841000d87c95f273ede_6sajFx3G.wav,/home/azureuser/gabby_data_mls/Intron-Multimodal-Benchmarking/,True,He did not have to return In the same day.,"Savings should always be a consistent habit, no matter the situation."
25291,"Báwo ni o ṣe le na orokun re? Kí ni ó n fa irora náà, kí ni ó sì ń mú kó rọrùn? Bawo ni o șe ma șele si? Ti o ba nilo idahun ni pato.",How far you can move your knee.  What gets the pain.and what relieves you the pain. .how frequent you experience it. .  in case you need precise answer.,yoruba,e80c31254d6f795a7db33d620b8cd9d22ba6fa71693c5266f2860b954ba54f8a,Male,12.689000129699709,intron-MT,/mnt/multilingual_data/audio/Intron-Multimodal-Benchmarking/data/audio/intron/yoruba/4f79217ac1c0037c0fe467c29c8bd134_UFYedZ74.wav,/home/azureuser/gabby_data_mls/Intron-Multimodal-Benchmarking/,True,How far you can move your knee.  What gets the pain.and what relieves you the pain. .how frequent you experience it. .  in case you need precise answer.,"When the oil gets spoiled, what do we use to prepare the soup? Then, what will we bring for the soup? What will happen if you have an explanation?"
21385,"Rárá, Emi ko wa lori eyikeyi oogun deede.","No, I'm not on any routine medications.",yoruba,7619073abb51b2530fc417e2900c79f666448cb30f367df83aab6e93ee64b7ca,Female,8.373000144958496,intron-MT,/mnt/multilingual_data/audio/Intron-Multimodal-Benchmarking/data/audio/intron/yoruba/dead07c4e2c1c7208cf0711275a30aa6_lV5QUqnr.wav,/home/azureuser/gabby_data_mls/Intron-Multimodal-Benchmarking/,True,"No, I'm not on any routine medications.",The child who we mentioned earlier is the one that did the important work.
25342,"Enle. Oyun ose mejo pelu omo mi keta ni yi (ti a ba wo o nipa igba ti mo se nkan osu kehin), mo ti ni gbogbo afihan re pelu ayewo merin ti o toka si wipe oyun ni.","Hi.  I m 8 weeks pregnant (by my last period) with my third child, I ve had all the symptoms and four positive tests.",yoruba,b31253281a8a654752d54f8af2c844bb85940a234e834eccbbe764843f364232,Male,15.914999961853027,intron-MT,/mnt/multilingual_data/audio/Intron-Multimodal-Benchmarking/data/audio/intron/yoruba/382bd8a8438bd9cb5cc44c7913efbb16_vlafKPOr.wav,/home/azureuser/gabby_data_mls/Intron-Multimodal-Benchmarking/,True,"Hi.  I m 8 weeks pregnant (by my last period) with my third child, I ve had all the symptoms and four positive tests.","That day, they celebrated with abundant joy. The elders gathered, and cultural dances were performed. The music was beautiful and filled everyone's hearts with happiness. It was a special day that no one will ever forget."
20802,"E kú dédé, mo ti ń fòyà lórí àwon ìṣòro ìlera, àrùn jẹjẹrẹ, mo dé máa ń gbáyà lé nnkan jù. Mo ti ń ronú lórí ọyàn mí, mọ dè máa ń rò pé o dàbí è pé kókó wà níbè.","Hi I am suffering from anxiety around the health issues, cancer and tend to obsess about things.  I have been fixating on my breasts and keep thinking I feel lumps.",yoruba,ed984dc712579314c4d19853915f35ff08f4b405b130d8cf27a7fbf00754a769,Female,12.388999938964844,intron-MT,/mnt/multilingual_data/audio/Intron-Multimodal-Benchmarking/data/audio/intron/yoruba/2527851bbad82466e1d7f585cabf6956_xbZFM2TM.wav,/home/azureuser/gabby_data_mls/Intron-Multimodal-Benchmarking/,True,"Hi I am suffering from anxiety around the health issues, cancer and tend to obsess about things.  I have been fixating on my breasts and keep thinking I feel lumps.",I was thinking about how things have been going at home. I wanted to ask you something that has been on my mind. I’m wondering if everything is okay.
20792,"Mo máa ń gbá bọ́ọ̀lù àfọwọ́gbá, àti pé ní àkókò yìí, mo ti ní ọ̀pọ̀lọpọ̀ ìṣòro pẹ̀lú apá mi. Èyí tó kẹ́yìn yìí ló mú ìrònú bá mi.","I play baseball, and this season so far, I have had numerous problems with my arm.  This last one has me concerned.",yoruba,f2de9427cea8a76995f613e8dc24b61c2bf6cc83cca86009bab339abc734dd01,Female,13.892999649047852,intron-MT,/mnt/multilingual_data/audio/Intron-Multimodal-Benchmarking/data/audio/intron/yoruba/bc6e51183b9c4a3bc50ddb5853f9870f_hZHwLBDM.wav,/home/azureuser/gabby_data_mls/Intron-Multimodal-Benchmarking/,True,"I play baseball, and this season so far, I have had numerous problems with my arm.  This last one has me concerned.","I have been thinking a lot over the past few days, and I realized that this period has brought many reflections to my mind. This second phase has really made me think deeply."
25253,"Eyi ti sele lati bi osu merin seyin.Mo sese mo pe moni ito ato gbe, sugbon idaduro ti wa lori re fun odun die bayi.nje ajosepo wa?","This has occurred over the past four months.  I have just been diagnosed with diabetes, though suspent it has been coming on for a few years now.  Is there a connection?",yoruba,2da4d5c093d36acce714fbcceb2f81e0368c92a0781911aeda4aef3146083a0c,Female,18.058000564575195,intron-MT,/mnt/multilingual_data/audio/Intron-Multimodal-Benchmarking/data/audio/intron/yoruba/a49bb7c32580dbfcb6d98a86c2dac585_FzezoR7c.wav,/home/azureuser/gabby_data_mls/Intron-Multimodal-Benchmarking/,True,"This has occurred over the past four months.  I have just been diagnosed with diabetes, though suspent it has been coming on for a few years now.  Is there a connection?","Once a person buys their morning produce, they proceed to the market, and they won’t come back home until late in the evening. This is how they work from morning till night, doing the business they know to survive. Even when it rains or the sun shines intensely, they stay out there. It is not easy at all, but they have to persevere to make a living. Without hard work, no one can eat."
17977,Mo ní àrùn òtútù ayà ní ọjọ́ mẹ́wàá kí gbogbo èyí tó bẹ̀rẹ̀.,I had pneumonia ten days before this all started.,yoruba,745a1b48387dc7fe563b1e7a99a6159a48f346ba31444f62fbe8190b721be047,Female,4.322999954223633,intron-MT,/mnt/multilingual_data/audio/Intron-Multimodal-Benchmarking/data/audio/intron/yoruba/bc05b2a2b6fe1f43e26913a0894af43b_iksbZEK7.wav,/home/azureuser/gabby_data_mls/Intron-Multimodal-Benchmarking/,True,I had pneumonia ten days before this all started.,One who perseveres in their journey will eventually reach their destination.
25270,"Bawoni, Emi ni brandon ati pe Mo jẹ ọmọ ogun ọdun. Ni igba diẹ sẹhin Mo rii kini kekere ti o wu bi bọọlu  ni isalẹ idi mi.","Hi , I am brandon and I am 20 years old.  Some time ago I found a small round ball on the lower of my butt.",yoruba,f13e0a4f9e34a1eafa772ca1354803203d2f4f988365f697d0e9e3eeff521c27,Male,13.343000411987305,intron-MT,/mnt/multilingual_data/audio/Intron-Multimodal-Benchmarking/data/audio/intron/yoruba/7f53dbeb00c6119abd78ba8b27ef4a07_QJjOA6NZ.wav,/home/azureuser/gabby_data_mls/Intron-Multimodal-Benchmarking/,True,"Hi , I am brandon and I am 20 years old.  Some time ago I found a small round ball on the lower of my butt.","Build a small brand that focuses on the needs of the community in your environment, if you know that small things grow into something big over time."
25391,"Mo ṣẹ̀ṣẹ̀ yọ eyín kan jade ni ọjọ́ mẹ́rin sẹ́yìn. Eyín nọ́mbà 15, mólà òkè apá òsì ni ẹ̀yìn ẹnu mí, ṣugbọn ó ndùn mí gaan lẹ́yìn ọjọ́ mẹ́ẹ̀rin.","I just got a tooth extracted 4 days ago.  It was tooth number 15, the top left molar at the back of my mouth, but it's really sore even after 4 days.",yoruba,a12906c1ac138047326064cc7ac98e07263685c322500f9da9fe8f1d90046e81,Male,17.006999969482422,intron-MT,/mnt/multilingual_data/audio/Intron-Multimodal-Benchmarking/data/audio/intron/yoruba/24393b2ce9a372303ce69f12bb640e85_bK1IaR69.wav,/home/azureuser/gabby_data_mls/Intron-Multimodal-Benchmarking/,True,"I just got a tooth extracted 4 days ago.  It was tooth number 15, the top left molar at the back of my mouth, but it's really sore even after 4 days.","I started this work nine years ago, out of the fifteen members who started with me, we are now only four remaining. But I cannot give up on this work."
21362,"Ìrora inu? Rárá, Rárá.","Abdominal pain? No, No.",yoruba,ce2e8df6410b41e019d3d7013f4a11fcb691851f8d4933effe2a0095ba4aad00,Female,2.3010001182556152,intron-MT,/mnt/multilingual_data/audio/Intron-Multimodal-Benchmarking/data/audio/intron/yoruba/10b4c73bbdd7aa636c585200c852d80f_i4NdT3wa.wav,/home/azureuser/gabby_data_mls/Intron-Multimodal-Benchmarking/,True,"Abdominal pain? No, No.","The song today, come on let's go."
25734,"""Pele, mo máa ń horun ,osi maa n remi tin baji lójoojúmọ́. Nígbà míràn, imu mi máa ń rọ̀ láti owurọ̀ títí di alẹ́. Mo ti fi ìròyìn CT mi ranṣẹ́ fún ìtọ́kasí rẹ. Mo fẹ́ mọ̀ bóyá iṣẹ́ abẹ̀ wà ní dandan.""","Hi I snore and wake up tired daily.  Sometimes, my nose is runny all day.  I have attached my CT report for your reference.  I just wanted to know if surgery necessary.",yoruba,f8885f706fc551713763417a87c051078fd5e9c047995f031d8ae8b050c852b1,Female,25.042999267578125,intron-MT,/mnt/multilingual_data/audio/Intron-Multimodal-Benchmarking/data/audio/intron/yoruba/81b5480c750b2e038d1b8a77e44a3c8b_wJQvKFpM.wav,/home/azureuser/gabby_data_mls/Intron-Multimodal-Benchmarking/,True,"Hi I snore and wake up tired daily.  Sometimes, my nose is runny all day.  I have attached my CT report for your reference.  I just wanted to know if surgery necessary.","In the morning, when I wake up, I usually think deeply from morning till night. I make sure to plan out what I am thinking into a clear understanding. I want to know if this activity is normal."
21100,Nigbakugba ti mo ba sùn mo ni imolara bìi pe mi o sun ni gbogbo igba. Emi ko le ṣawari bi mo ṣe le yi ipo yii pada. Ko si eni ti mo le ba so eyi.,Whenever i sleep i feel I was awake all the time.I am unable to figure out how to change ts situation.  There is no one to whom I can share ts.,yoruba,c5a965cf22f03d091617079bad127a687e58f674bf81405f5b4b08253e22e7f9,Female,12.348999977111816,intron-MT,/mnt/multilingual_data/audio/Intron-Multimodal-Benchmarking/data/audio/intron/yoruba/59246577a1d39f57d252ef2b0e53b133_tRAhA0bF.wav,/home/azureuser/gabby_data_mls/Intron-Multimodal-Benchmarking/,True,Whenever i sleep i feel I was awake all the time.I am unable to figure out how to change ts situation.  There is no one to whom I can share ts.,"What you are saying is very important, but what I want to explain is that the day we discussed this matter, the major points we highlighted then, are what I have done now. There is nothing I am saying beyond that."
21359,"Nígbà tí o bá sùn ní alẹ́, o máa ń laagun ju bó ṣe yẹ lọ.","When you sleep at night, you sweat excessively.",yoruba,ce2e8df6410b41e019d3d7013f4a11fcb691851f8d4933effe2a0095ba4aad00,Female,4.177000045776367,intron-MT,/mnt/multilingual_data/audio/Intron-Multimodal-Benchmarking/data/audio/intron/yoruba/62424b0e8be010a16bbaa4c7462e5bdc_hrt88vCm.wav,/home/azureuser/gabby_data_mls/Intron-Multimodal-Benchmarking/,True,"When you sleep at night, you sweat excessively.","This bus will soon arrive, but we must hurry."
21264,"Ó dáa, ìgbà àkọ́kọ́ nìyí. Ṣé ìwọ ni.. ṣé o ní àìsàn èyíkéyìí? Bí i, ṣé o ní asthmatic lásìkò ẹ̀yà ẹ̀jẹ̀ rẹ àti genotype rẹ?","OK, this is the first time. Are you.. do you have any medical condition? Like, are you asthmatic during your blood group and genotype?",yoruba,ce2e8df6410b41e019d3d7013f4a11fcb691851f8d4933effe2a0095ba4aad00,Female,11.687999725341797,intron-MT,/mnt/multilingual_data/audio/Intron-Multimodal-Benchmarking/data/audio/intron/yoruba/e42a5b0e9f61cabbc8aa9e58c5561d99_pMKbnnvd.wav,/home/azureuser/gabby_data_mls/Intron-Multimodal-Benchmarking/,True,"OK, this is the first time. Are you.. do you have any medical condition? Like, are you asthmatic during your blood group and genotype?",Here is it. The person I am talking about is not here. He didn’t attend the class that day because he had asthma.
19814,"Àbájáde ìwádìí náà wà nínú lẹ́tà kan tí Brian Ballard, olórí Ballard Partners fọwọ́ sí ní ọjọ́ karùn-ún oṣù kejì, tí ó sì fi ránṣẹ́ sí Olusola Saraki, Olùdarí Àgbà fún ìpolongo Abubakar.","The result of the survey was conveyed in a letter signed by Brian Ballard, head of Ballard Partners, on February 5, and addressed to Olusola Saraki, the Director-General of Abubakar's campaign.",yoruba,cb3b0e3793c3aba02eeab442b5de7ee7ffa4cca7d93d3d3af2818b34b9df8897,Female,10.012999534606934,intron-MT,/mnt/multilingual_data/audio/Intron-Multimodal-Benchmarking/data/audio/intron/yoruba/9df17b13bf621f586a4319171c96e00d_rww9cLDf.wav,/home/azureuser/gabby_data_mls/Intron-Multimodal-Benchmarking/,True,"The result of the survey was conveyed in a letter signed by Brian Ballard, head of Ballard Partners, on February 5, and addressed to Olusola Saraki, the Director-General of Abubakar's campaign.","Thank you for your letter dated June 5, and I trust this finds you well. It concerns the message sent to you by Senator Bukola Saraki, who is acting on behalf of Atiku Abubakar’s campaign."
25111,"Yera fun ounje gbigbona ati ounje ti o ni ata. Yera fun ounje pupo ju, dipo eyi maa je ounje niwon ba. Yera fun ounje ti ko dara. Bere si lo oogun ti o ma n din asidi inu ku. Yago patapata fun siga mimu ati oti lile ti o ba ni awon iwa yii tele. ","Avoid hot and spicy food.  Avoid large meals, instead take frequent small meals.  Avoid junk food.  Start proton pump inhibitors.  Quit smoking and alcohol if you have these habits.",yoruba,13add444c596553f99fd00f4c6972760e94d8dc23e049bf57ce8c7dc5f34bf1e,Male,28.315000534057617,intron-MT,/mnt/multilingual_data/audio/Intron-Multimodal-Benchmarking/data/audio/intron/yoruba/8f0f6054f979bde57ce19b88f4ab31be_8kJi0Veq.wav,/home/azureuser/gabby_data_mls/Intron-Multimodal-Benchmarking/,True,"Avoid hot and spicy food.  Avoid large meals, instead take frequent small meals.  Avoid junk food.  Start proton pump inhibitors.  Quit smoking and alcohol if you have these habits.","The four essential pillars of health are what we eat, what we drink, how we process our thoughts, and how we rest our bodies. Health does not simply mean the absence of disease, but the overall balance of the mind, body, and soul. If one of these aspects is neglected, it can affect the whole system and lead to an overall decline in well-being."
18935,Ódàbí pé wón Se àyèwò èjè re.,Looks like they also tested your blood.,yoruba,da7d509f574bfabaa6d88f9de1e578d9bf607f09dbfe8b7f66d3d3d68f23cfdd,Female,4.521999835968018,intron-MT,/mnt/multilingual_data/audio/Intron-Multimodal-Benchmarking/data/audio/intron/yoruba/9d338b526625ab752d6523f4d48a9873_W3vOgMAh.wav,/home/azureuser/gabby_data_mls/Intron-Multimodal-Benchmarking/,True,Looks like they also tested your blood.,"Once the rain starts, the ground becomes wet."
19766,"Sugbon niti oríire, emi ko ni lati ṣe fún ìgbà to pe.","But luckily, I didn't have to do that for very long.",yoruba,4d3e6b2fa0468bfc47394b7bca7b454c8d400f58963961c2b71a6b7d4a1a6d94,Female,5.201000213623047,intron-MT,/mnt/multilingual_data/audio/Intron-Multimodal-Benchmarking/data/audio/intron/yoruba/3697cc417f256e350dd1c3a1cc30d59c_09nnsDVu.wav,/home/azureuser/gabby_data_mls/Intron-Multimodal-Benchmarking/,True,"But luckily, I didn't have to do that for very long.",Life is not something you can control fully.
21985,"Ṣé ó ní, wí pé, àrùn àtọ̀gbẹ, ifunpa giga?","Does he have, say, diabetes, Hypertension?",yoruba,31ff7366762d45b8c0954bb0a19c291b244e1cf83bf6bda492175c4a3f533f14,Male,10.515000343322754,intron-MT,/mnt/multilingual_data/audio/Intron-Multimodal-Benchmarking/data/audio/intron/yoruba/5248ff138ff59015ad9f2527eb12ac8c_FSUkj23d.wav,/home/azureuser/gabby_data_mls/Intron-Multimodal-Benchmarking/,True,"Does he have, say, diabetes, Hypertension?",I remember the time when we used to play together.
18265,"Bẹ́ẹ̀ni, nítorí náà àrùn ọkàn ń lọ nínú ẹbí mi.","Yeah, so heart disease runs in my family.",yoruba,be7234a7bf31272842e783e47bc063818c738bdc9145b110f61c77f07074e839,Male,6.8460001945495605,intron-MT,/mnt/multilingual_data/audio/Intron-Multimodal-Benchmarking/data/audio/intron/yoruba/3559afbce1a369b397bf19d00041482f_KervjgvS.wav,/home/azureuser/gabby_data_mls/Intron-Multimodal-Benchmarking/,True,"Yeah, so heart disease runs in my family.","Okay, let's go together so we can go and see that boy I talked to you about."
18260,Mi ò lè mú èémí nígbà tí mo bá ń rìn.,I cannot catch a breath when I walk.,yoruba,9da3a5aaa70eefe832f08d02cdeb7aa53fa1c80c336fac55ea9a3cf8bd009ba7,Male,3.934999942779541,intron-MT,/mnt/multilingual_data/audio/Intron-Multimodal-Benchmarking/data/audio/intron/yoruba/89b92afc4199e532332904ca7fd695e5_GA5yy7oq.wav,/home/azureuser/gabby_data_mls/Intron-Multimodal-Benchmarking/,True,I cannot catch a breath when I walk.,What are you doing this morning?
25120,Mọ tún ní NF 1. Oniṣẹ abẹ lóni fi owo kan rirọ masi tí mo gbàgbọ́ pé Lipoma(òwu na gbagbo) ṣe kí fi iyesi   nípa lílé bọọlu nilu masi ,I also have NF 1.  The surgeon today only felt the softer mass which I believe to be a Lipoma(he did too) should I be concerned about the harder ball type mass?,yoruba,1c015162031a4d22f5e4fdcb9a4bffa476145ee1c9f0bccf92c51e99e25590c8,Female,25.40999984741211,intron-MT,/mnt/multilingual_data/audio/Intron-Multimodal-Benchmarking/data/audio/intron/yoruba/45c48fcf2562631e7eb975eac12b0b6b_qHKf5eXH.wav,/home/azureuser/gabby_data_mls/Intron-Multimodal-Benchmarking/,True,I also have NF 1.  The surgeon today only felt the softer mass which I believe to be a Lipoma(he did too) should I be concerned about the harder ball type mass?,"The person who is a blacksmith needs to apply their own thought and understanding to rectify issues they hear about. In that way, they will know their own responsibility and belief, so they can use their wisdom when making things."
20073,"Bawo la se le ran an lowo, ki lo si ye ka se? O mu lookan wa. Se o le se iranlowo fun mi ni oye kini o le je asise ati kini o ye ki n se? ",How can we help her and what should we do?  We are desperate.  Can you help me understand what could be wrong and what I should do?,yoruba,963b688f9f4a3f7d68f28c471e88d16050a94d209b22bbba5aaeb3447c344479,Male,19.96699905395508,intron-MT,/mnt/multilingual_data/audio/Intron-Multimodal-Benchmarking/data/audio/intron/yoruba/c36995488b43aa1dd43354426051ed4e_JGWkEWcM.wav,/home/azureuser/gabby_data_mls/Intron-Multimodal-Benchmarking/,True,How can we help her and what should we do?  We are desperate.  Can you help me understand what could be wrong and what I should do?,"If you have something in your hand, what should you do? Should you hold it or should you let it go? And what should you not do?"
19864,"Ọmụmaatụ, e nwere mgbe mgbe nne ya ga-arịọ ya ka ọ kwụsị ikwu. `nwunye m na m... nwunye m na m`, niile nke oge na ya ọnụnọ.","For instance, there had been times when his mother would ask him to stop saying. `my wife and I... my wife and I`, all of the time in her presence.",yoruba,bd6ce306cbaf1b00da1124a5f1ce14a1411369d20f60ad403eab7273527c1df3,Female,14.33899974822998,intron-MT,/mnt/multilingual_data/audio/Intron-Multimodal-Benchmarking/data/audio/intron/yoruba/1fdcd143547d321787ead66807f3717d_bdgZpA9Z.wav,/home/azureuser/gabby_data_mls/Intron-Multimodal-Benchmarking/,True,"For instance, there had been times when his mother would ask him to stop saying. `my wife and I... my wife and I`, all of the time in her presence.","For example, it is like a child who should be instructed not to say ""me and my mother"", ""me and my mother"" every time they are in public."
19672,Jé kábèrè pèlu oruka O.,Let's start with the O-ring.,yoruba,da7d509f574bfabaa6d88f9de1e578d9bf607f09dbfe8b7f66d3d3d68f23cfdd,Female,5.507999897003174,intron-MT,/mnt/multilingual_data/audio/Intron-Multimodal-Benchmarking/data/audio/intron/yoruba/95b44169990f4a028e0930c76d36b459_kKCnEbUl.wav,/home/azureuser/gabby_data_mls/Intron-Multimodal-Benchmarking/,True,Let's start with the O-ring.,Check the palm fruit in the backyard.
17978,"Ṣé ìyẹn dára? Kò sí ìṣòro kọ́lẹ́sítẹ́lì. Mh-mm. Mo máa ń mu sìgá, bẹ́ẹ̀ni.","So does that sound good? No cholesterol problem. Mh-mm. I do smoke cigarettes, yes.",yoruba,745a1b48387dc7fe563b1e7a99a6159a48f346ba31444f62fbe8190b721be047,Female,5.656000137329102,intron-MT,/mnt/multilingual_data/audio/Intron-Multimodal-Benchmarking/data/audio/intron/yoruba/b65754caf9021e990fdbf67b19d5560a_sOkOPkBr.wav,/home/azureuser/gabby_data_mls/Intron-Multimodal-Benchmarking/,True,"So does that sound good? No cholesterol problem. Mh-mm. I do smoke cigarettes, yes.",What is inside this world is deep. You must always be careful.
